Entity,Code,Year,LGBT+ employment discrimination (historical)
Afghanistan,AFG,2025,No protections
Albania,ALB,2010,Sexual orientation and gender identity
Albania,ALB,2011,Sexual orientation and gender identity
Albania,ALB,2012,Sexual orientation and gender identity
Albania,ALB,2013,Sexual orientation and gender identity
Albania,ALB,2014,Sexual orientation and gender identity
Albania,ALB,2015,Sexual orientation and gender identity
Albania,ALB,2016,Sexual orientation and gender identity
Albania,ALB,2017,Sexual orientation and gender identity
Albania,ALB,2018,Sexual orientation and gender identity
Albania,ALB,2019,Sexual orientation and gender identity
Albania,ALB,2020,Sexual orientation and gender identity
Albania,ALB,2021,Sexual orientation and gender identity
Albania,ALB,2022,Sexual orientation and gender identity
Albania,ALB,2023,Sexual orientation and gender identity
Albania,ALB,2024,Sexual orientation and gender identity
Albania,ALB,2025,Sexual orientation and gender identity
Algeria,DZA,2025,No protections
Andorra,AND,2005,Sexual orientation only
Andorra,AND,2006,Sexual orientation only
Andorra,AND,2007,Sexual orientation only
Andorra,AND,2008,Sexual orientation only
Andorra,AND,2009,Sexual orientation only
Andorra,AND,2010,Sexual orientation only
Andorra,AND,2011,Sexual orientation only
Andorra,AND,2012,Sexual orientation only
Andorra,AND,2013,Sexual orientation only
Andorra,AND,2014,Sexual orientation only
Andorra,AND,2015,Sexual orientation only
Andorra,AND,2016,Sexual orientation only
Andorra,AND,2017,Sexual orientation only
Andorra,AND,2018,Sexual orientation only
Andorra,AND,2019,Sexual orientation and gender identity
Andorra,AND,2020,Sexual orientation and gender identity
Andorra,AND,2021,Sexual orientation and gender identity
Andorra,AND,2022,Sexual orientation and gender identity
Andorra,AND,2023,Sexual orientation and gender identity
Andorra,AND,2024,Sexual orientation and gender identity
Andorra,AND,2025,Sexual orientation and gender identity
Angola,AGO,2021,Sexual orientation only
Angola,AGO,2022,Sexual orientation only
Angola,AGO,2023,Sexual orientation only
Angola,AGO,2024,Sexual orientation only
Angola,AGO,2025,Sexual orientation only
Antigua and Barbuda,ATG,2025,No protections
Argentina,ARG,2021,Gender identity only
Argentina,ARG,2022,Gender identity only
Argentina,ARG,2023,Gender identity only
Argentina,ARG,2024,Gender identity only
Argentina,ARG,2025,Gender identity only
Armenia,ARM,2025,No protections
Australia,AUS,2013,Sexual orientation and gender identity
Australia,AUS,2014,Sexual orientation and gender identity
Australia,AUS,2015,Sexual orientation and gender identity
Australia,AUS,2016,Sexual orientation and gender identity
Australia,AUS,2017,Sexual orientation and gender identity
Australia,AUS,2018,Sexual orientation and gender identity
Australia,AUS,2019,Sexual orientation and gender identity
Australia,AUS,2020,Sexual orientation and gender identity
Australia,AUS,2021,Sexual orientation and gender identity
Australia,AUS,2022,Sexual orientation and gender identity
Australia,AUS,2023,Sexual orientation and gender identity
Australia,AUS,2024,Sexual orientation and gender identity
Australia,AUS,2025,Sexual orientation and gender identity
Austria,AUT,2004,Sexual orientation only
Austria,AUT,2005,Sexual orientation only
Austria,AUT,2006,Sexual orientation only
Austria,AUT,2007,Sexual orientation only
Austria,AUT,2008,Sexual orientation only
Austria,AUT,2009,Sexual orientation only
Austria,AUT,2010,Sexual orientation only
Austria,AUT,2011,Sexual orientation only
Austria,AUT,2012,Sexual orientation only
Austria,AUT,2013,Sexual orientation only
Austria,AUT,2014,Sexual orientation only
Austria,AUT,2015,Sexual orientation only
Austria,AUT,2016,Sexual orientation only
Austria,AUT,2017,Sexual orientation only
Austria,AUT,2018,Sexual orientation only
Austria,AUT,2019,Sexual orientation only
Austria,AUT,2020,Sexual orientation only
Austria,AUT,2021,Sexual orientation only
Austria,AUT,2022,Sexual orientation only
Austria,AUT,2023,Sexual orientation only
Austria,AUT,2024,Sexual orientation only
Austria,AUT,2025,Sexual orientation only
Azerbaijan,AZE,2025,No protections
Bahamas,BHS,2025,No protections
Bahrain,BHR,2025,No protections
Bangladesh,BGD,2025,No protections
Barbados,BRB,2020,Sexual orientation only
Barbados,BRB,2021,Sexual orientation only
Barbados,BRB,2022,Sexual orientation only
Barbados,BRB,2023,Sexual orientation only
Barbados,BRB,2024,Sexual orientation only
Barbados,BRB,2025,Sexual orientation only
Belarus,BLR,2025,No protections
Belgium,BEL,2003,Sexual orientation and gender identity
Belgium,BEL,2004,Sexual orientation and gender identity
Belgium,BEL,2005,Sexual orientation and gender identity
Belgium,BEL,2006,Sexual orientation and gender identity
Belgium,BEL,2007,Sexual orientation and gender identity
Belgium,BEL,2008,Sexual orientation and gender identity
Belgium,BEL,2009,Sexual orientation and gender identity
Belgium,BEL,2010,Sexual orientation and gender identity
Belgium,BEL,2011,Sexual orientation and gender identity
Belgium,BEL,2012,Sexual orientation and gender identity
Belgium,BEL,2013,Sexual orientation and gender identity
Belgium,BEL,2014,Sexual orientation and gender identity
Belgium,BEL,2015,Sexual orientation and gender identity
Belgium,BEL,2016,Sexual orientation and gender identity
Belgium,BEL,2017,Sexual orientation and gender identity
Belgium,BEL,2018,Sexual orientation and gender identity
Belgium,BEL,2019,Sexual orientation and gender identity
Belgium,BEL,2020,Sexual orientation and gender identity
Belgium,BEL,2021,Sexual orientation and gender identity
Belgium,BEL,2022,Sexual orientation and gender identity
Belgium,BEL,2023,Sexual orientation and gender identity
Belgium,BEL,2024,Sexual orientation and gender identity
Belgium,BEL,2025,Sexual orientation and gender identity
Belize,BLZ,2025,Sexual orientation only
Benin,BEN,2025,No protections
Bhutan,BTN,2025,No protections
Bolivia,BOL,2010,Sexual orientation and gender identity
Bolivia,BOL,2011,Sexual orientation and gender identity
Bolivia,BOL,2012,Sexual orientation and gender identity
Bolivia,BOL,2013,Sexual orientation and gender identity
Bolivia,BOL,2014,Sexual orientation and gender identity
Bolivia,BOL,2015,Sexual orientation and gender identity
Bolivia,BOL,2016,Sexual orientation and gender identity
Bolivia,BOL,2017,Sexual orientation and gender identity
Bolivia,BOL,2018,Sexual orientation and gender identity
Bolivia,BOL,2019,Sexual orientation and gender identity
Bolivia,BOL,2020,Sexual orientation and gender identity
Bolivia,BOL,2021,Sexual orientation and gender identity
Bolivia,BOL,2022,Sexual orientation and gender identity
Bolivia,BOL,2023,Sexual orientation and gender identity
Bolivia,BOL,2024,Sexual orientation and gender identity
Bolivia,BOL,2025,Sexual orientation and gender identity
Bosnia and Herzegovina,BIH,2016,Sexual orientation and gender identity
Bosnia and Herzegovina,BIH,2017,Sexual orientation and gender identity
Bosnia and Herzegovina,BIH,2018,Sexual orientation and gender identity
Bosnia and Herzegovina,BIH,2019,Sexual orientation and gender identity
Bosnia and Herzegovina,BIH,2020,Sexual orientation and gender identity
Bosnia and Herzegovina,BIH,2021,Sexual orientation and gender identity
Bosnia and Herzegovina,BIH,2022,Sexual orientation and gender identity
Bosnia and Herzegovina,BIH,2023,Sexual orientation and gender identity
Bosnia and Herzegovina,BIH,2024,Sexual orientation and gender identity
Bosnia and Herzegovina,BIH,2025,Sexual orientation and gender identity
Botswana,BWA,2010,Sexual orientation only
Botswana,BWA,2011,Sexual orientation only
Botswana,BWA,2012,Sexual orientation only
Botswana,BWA,2013,Sexual orientation only
Botswana,BWA,2014,Sexual orientation only
Botswana,BWA,2015,Sexual orientation only
Botswana,BWA,2016,Sexual orientation only
Botswana,BWA,2017,Sexual orientation only
Botswana,BWA,2018,Sexual orientation only
Botswana,BWA,2019,Sexual orientation only
Botswana,BWA,2020,Sexual orientation only
Botswana,BWA,2021,Sexual orientation only
Botswana,BWA,2022,Sexual orientation only
Botswana,BWA,2023,Sexual orientation only
Botswana,BWA,2024,Sexual orientation only
Botswana,BWA,2025,Sexual orientation only
Brazil,BRA,2019,Sexual orientation and gender identity
Brazil,BRA,2020,Sexual orientation and gender identity
Brazil,BRA,2021,Sexual orientation and gender identity
Brazil,BRA,2022,Sexual orientation and gender identity
Brazil,BRA,2023,Sexual orientation and gender identity
Brazil,BRA,2024,Sexual orientation and gender identity
Brazil,BRA,2025,Sexual orientation and gender identity
Bulgaria,BGR,2003,Sexual orientation and gender identity
Bulgaria,BGR,2004,Sexual orientation and gender identity
Bulgaria,BGR,2005,Sexual orientation and gender identity
Bulgaria,BGR,2006,Sexual orientation and gender identity
Bulgaria,BGR,2007,Sexual orientation and gender identity
Bulgaria,BGR,2008,Sexual orientation and gender identity
Bulgaria,BGR,2009,Sexual orientation and gender identity
Bulgaria,BGR,2010,Sexual orientation and gender identity
Bulgaria,BGR,2011,Sexual orientation and gender identity
Bulgaria,BGR,2012,Sexual orientation and gender identity
Bulgaria,BGR,2013,Sexual orientation and gender identity
Bulgaria,BGR,2014,Sexual orientation and gender identity
Bulgaria,BGR,2015,Sexual orientation and gender identity
Bulgaria,BGR,2016,Sexual orientation and gender identity
Bulgaria,BGR,2017,Sexual orientation and gender identity
Bulgaria,BGR,2018,Sexual orientation and gender identity
Bulgaria,BGR,2019,Sexual orientation and gender identity
Bulgaria,BGR,2020,Sexual orientation and gender identity
Bulgaria,BGR,2021,Sexual orientation and gender identity
Bulgaria,BGR,2022,Sexual orientation and gender identity
Bulgaria,BGR,2023,Sexual orientation and gender identity
Bulgaria,BGR,2024,Sexual orientation and gender identity
Bulgaria,BGR,2025,Sexual orientation and gender identity
Burkina Faso,BFA,2025,No protections
Burundi,BDI,2025,No protections
Cambodia,KHM,2025,No protections
Canada,CAN,1996,Sexual orientation only
Canada,CAN,1997,Sexual orientation only
Canada,CAN,1998,Sexual orientation only
Canada,CAN,1999,Sexual orientation only
Canada,CAN,2000,Sexual orientation only
Canada,CAN,2001,Sexual orientation only
Canada,CAN,2002,Sexual orientation only
Canada,CAN,2003,Sexual orientation only
Canada,CAN,2004,Sexual orientation only
Canada,CAN,2005,Sexual orientation only
Canada,CAN,2006,Sexual orientation only
Canada,CAN,2007,Sexual orientation only
Canada,CAN,2008,Sexual orientation only
Canada,CAN,2009,Sexual orientation only
Canada,CAN,2010,Sexual orientation only
Canada,CAN,2011,Sexual orientation only
Canada,CAN,2012,Sexual orientation only
Canada,CAN,2013,Sexual orientation only
Canada,CAN,2014,Sexual orientation only
Canada,CAN,2015,Sexual orientation only
Canada,CAN,2016,Sexual orientation only
Canada,CAN,2017,Sexual orientation and gender identity
Canada,CAN,2018,Sexual orientation and gender identity
Canada,CAN,2019,Sexual orientation and gender identity
Canada,CAN,2020,Sexual orientation and gender identity
Canada,CAN,2021,Sexual orientation and gender identity
Canada,CAN,2022,Sexual orientation and gender identity
Canada,CAN,2023,Sexual orientation and gender identity
Canada,CAN,2024,Sexual orientation and gender identity
Canada,CAN,2025,Sexual orientation and gender identity
Cape Verde,CPV,2008,Sexual orientation only
Cape Verde,CPV,2009,Sexual orientation only
Cape Verde,CPV,2010,Sexual orientation only
Cape Verde,CPV,2011,Sexual orientation only
Cape Verde,CPV,2012,Sexual orientation only
Cape Verde,CPV,2013,Sexual orientation only
Cape Verde,CPV,2014,Sexual orientation only
Cape Verde,CPV,2015,Sexual orientation only
Cape Verde,CPV,2016,Sexual orientation only
Cape Verde,CPV,2017,Sexual orientation only
Cape Verde,CPV,2018,Sexual orientation only
Cape Verde,CPV,2019,Sexual orientation only
Cape Verde,CPV,2020,Sexual orientation only
Cape Verde,CPV,2021,Sexual orientation only
Cape Verde,CPV,2022,Sexual orientation only
Cape Verde,CPV,2023,Sexual orientation only
Cape Verde,CPV,2024,Sexual orientation only
Cape Verde,CPV,2025,Sexual orientation only
Central African Republic,CAF,2025,No protections
Chad,TCD,2025,No protections
Chile,CHL,2012,Sexual orientation and gender identity
Chile,CHL,2013,Sexual orientation and gender identity
Chile,CHL,2014,Sexual orientation and gender identity
Chile,CHL,2015,Sexual orientation and gender identity
Chile,CHL,2016,Sexual orientation and gender identity
Chile,CHL,2017,Sexual orientation and gender identity
Chile,CHL,2018,Sexual orientation and gender identity
Chile,CHL,2019,Sexual orientation and gender identity
Chile,CHL,2020,Sexual orientation and gender identity
Chile,CHL,2021,Sexual orientation and gender identity
Chile,CHL,2022,Sexual orientation and gender identity
Chile,CHL,2023,Sexual orientation and gender identity
Chile,CHL,2024,Sexual orientation and gender identity
Chile,CHL,2025,Sexual orientation and gender identity
China,CHN,2025,No protections
Colombia,COL,2011,Sexual orientation only
Colombia,COL,2012,Sexual orientation only
Colombia,COL,2013,Sexual orientation only
Colombia,COL,2014,Sexual orientation only
Colombia,COL,2015,Sexual orientation only
Colombia,COL,2016,Sexual orientation only
Colombia,COL,2017,Sexual orientation only
Colombia,COL,2018,Sexual orientation and gender identity
Colombia,COL,2019,Sexual orientation and gender identity
Colombia,COL,2020,Sexual orientation and gender identity
Colombia,COL,2021,Sexual orientation and gender identity
Colombia,COL,2022,Sexual orientation and gender identity
Colombia,COL,2023,Sexual orientation and gender identity
Colombia,COL,2024,Sexual orientation and gender identity
Colombia,COL,2025,Sexual orientation and gender identity
Comoros,COM,2025,No protections
Costa Rica,CRI,2016,Sexual orientation only
Costa Rica,CRI,2017,Sexual orientation only
Costa Rica,CRI,2018,Sexual orientation only
Costa Rica,CRI,2019,Sexual orientation only
Costa Rica,CRI,2020,Sexual orientation only
Costa Rica,CRI,2021,Sexual orientation only
Costa Rica,CRI,2022,Sexual orientation only
Costa Rica,CRI,2023,Sexual orientation only
Costa Rica,CRI,2024,Sexual orientation only
Costa Rica,CRI,2025,Sexual orientation only
Cote d'Ivoire,CIV,2025,No protections
Croatia,HRV,2003,Sexual orientation only
Croatia,HRV,2004,Sexual orientation only
Croatia,HRV,2005,Sexual orientation only
Croatia,HRV,2006,Sexual orientation only
Croatia,HRV,2007,Sexual orientation only
Croatia,HRV,2009,Sexual orientation and gender identity
Croatia,HRV,2010,Sexual orientation and gender identity
Croatia,HRV,2011,Sexual orientation and gender identity
Croatia,HRV,2012,Sexual orientation and gender identity
Croatia,HRV,2013,Sexual orientation and gender identity
Croatia,HRV,2014,Sexual orientation and gender identity
Croatia,HRV,2015,Sexual orientation and gender identity
Croatia,HRV,2016,Sexual orientation and gender identity
Croatia,HRV,2017,Sexual orientation and gender identity
Croatia,HRV,2018,Sexual orientation and gender identity
Croatia,HRV,2019,Sexual orientation and gender identity
Croatia,HRV,2020,Sexual orientation and gender identity
Croatia,HRV,2021,Sexual orientation and gender identity
Croatia,HRV,2022,Sexual orientation and gender identity
Croatia,HRV,2023,Sexual orientation and gender identity
Croatia,HRV,2024,Sexual orientation and gender identity
Croatia,HRV,2025,Sexual orientation and gender identity
Cuba,CUB,2019,Sexual orientation and gender identity
Cuba,CUB,2020,Sexual orientation and gender identity
Cuba,CUB,2021,Sexual orientation and gender identity
Cuba,CUB,2022,Sexual orientation and gender identity
Cuba,CUB,2023,Sexual orientation and gender identity
Cuba,CUB,2024,Sexual orientation and gender identity
Cuba,CUB,2025,Sexual orientation and gender identity
Czechia,CZE,2009,Sexual orientation and gender identity
Czechia,CZE,2010,Sexual orientation and gender identity
Czechia,CZE,2011,Sexual orientation and gender identity
Czechia,CZE,2012,Sexual orientation and gender identity
Czechia,CZE,2013,Sexual orientation and gender identity
Czechia,CZE,2014,Sexual orientation and gender identity
Czechia,CZE,2015,Sexual orientation and gender identity
Czechia,CZE,2016,Sexual orientation and gender identity
Czechia,CZE,2017,Sexual orientation and gender identity
Czechia,CZE,2018,Sexual orientation and gender identity
Czechia,CZE,2019,Sexual orientation and gender identity
Czechia,CZE,2020,Sexual orientation and gender identity
Czechia,CZE,2021,Sexual orientation and gender identity
Czechia,CZE,2022,Sexual orientation and gender identity
Czechia,CZE,2023,Sexual orientation and gender identity
Czechia,CZE,2024,Sexual orientation and gender identity
Czechia,CZE,2025,Sexual orientation and gender identity
Democratic Republic of Congo,COD,2025,No protections
Denmark,DNK,1996,Sexual orientation and gender identity
Denmark,DNK,1997,Sexual orientation and gender identity
Denmark,DNK,1998,Sexual orientation and gender identity
Denmark,DNK,1999,Sexual orientation and gender identity
Denmark,DNK,2000,Sexual orientation and gender identity
Denmark,DNK,2001,Sexual orientation and gender identity
Denmark,DNK,2002,Sexual orientation and gender identity
Denmark,DNK,2003,Sexual orientation and gender identity
Denmark,DNK,2004,Sexual orientation and gender identity
Denmark,DNK,2005,Sexual orientation and gender identity
Denmark,DNK,2006,Sexual orientation and gender identity
Denmark,DNK,2007,Sexual orientation and gender identity
Denmark,DNK,2008,Sexual orientation and gender identity
Denmark,DNK,2009,Sexual orientation and gender identity
Denmark,DNK,2010,Sexual orientation and gender identity
Denmark,DNK,2011,Sexual orientation and gender identity
Denmark,DNK,2012,Sexual orientation and gender identity
Denmark,DNK,2013,Sexual orientation and gender identity
Denmark,DNK,2014,Sexual orientation and gender identity
Denmark,DNK,2015,Sexual orientation and gender identity
Denmark,DNK,2016,Sexual orientation and gender identity
Denmark,DNK,2017,Sexual orientation and gender identity
Denmark,DNK,2018,Sexual orientation and gender identity
Denmark,DNK,2019,Sexual orientation and gender identity
Denmark,DNK,2020,Sexual orientation and gender identity
Denmark,DNK,2021,Sexual orientation and gender identity
Denmark,DNK,2022,Sexual orientation and gender identity
Denmark,DNK,2023,Sexual orientation and gender identity
Denmark,DNK,2024,Sexual orientation and gender identity
Denmark,DNK,2025,Sexual orientation and gender identity
Djibouti,DJI,2025,No protections
Dominica,DMA,2025,No protections
Dominican Republic,DOM,2021,No protections
Dominican Republic,DOM,2022,No protections
Dominican Republic,DOM,2023,No protections
Dominican Republic,DOM,2024,No protections
Dominican Republic,DOM,2025,No protections
East Timor,TLS,2017,Sexual orientation only
East Timor,TLS,2018,Sexual orientation only
East Timor,TLS,2019,Sexual orientation only
East Timor,TLS,2020,Sexual orientation only
East Timor,TLS,2021,Sexual orientation only
East Timor,TLS,2022,Sexual orientation only
East Timor,TLS,2023,Sexual orientation only
East Timor,TLS,2024,Sexual orientation only
East Timor,TLS,2025,Sexual orientation only
Ecuador,ECU,2018,Sexual orientation and gender identity
Ecuador,ECU,2019,Sexual orientation and gender identity
Ecuador,ECU,2020,Sexual orientation and gender identity
Ecuador,ECU,2021,Sexual orientation and gender identity
Ecuador,ECU,2022,Sexual orientation and gender identity
Ecuador,ECU,2023,Sexual orientation and gender identity
Ecuador,ECU,2024,Sexual orientation and gender identity
Ecuador,ECU,2025,Sexual orientation and gender identity
Egypt,EGY,2025,No protections
El Salvador,SLV,2025,Sexual orientation and gender identity
Equatorial Guinea,GNQ,2022,Sexual orientation only
Equatorial Guinea,GNQ,2023,Sexual orientation only
Equatorial Guinea,GNQ,2024,Sexual orientation only
Equatorial Guinea,GNQ,2025,Sexual orientation only
Eritrea,ERI,2025,No protections
Estonia,EST,2009,Sexual orientation and gender identity
Estonia,EST,2010,Sexual orientation and gender identity
Estonia,EST,2011,Sexual orientation and gender identity
Estonia,EST,2012,Sexual orientation and gender identity
Estonia,EST,2013,Sexual orientation and gender identity
Estonia,EST,2014,Sexual orientation and gender identity
Estonia,EST,2015,Sexual orientation and gender identity
Estonia,EST,2016,Sexual orientation and gender identity
Estonia,EST,2017,Sexual orientation and gender identity
Estonia,EST,2018,Sexual orientation and gender identity
Estonia,EST,2019,Sexual orientation and gender identity
Estonia,EST,2020,Sexual orientation and gender identity
Estonia,EST,2021,Sexual orientation and gender identity
Estonia,EST,2022,Sexual orientation and gender identity
Estonia,EST,2023,Sexual orientation and gender identity
Estonia,EST,2024,Sexual orientation and gender identity
Estonia,EST,2025,Sexual orientation and gender identity
Ethiopia,ETH,2025,No protections
Fiji,FJI,2007,Sexual orientation only
Fiji,FJI,2008,Sexual orientation only
Fiji,FJI,2009,Sexual orientation only
Fiji,FJI,2010,Sexual orientation only
Fiji,FJI,2011,Sexual orientation only
Fiji,FJI,2012,Sexual orientation only
Fiji,FJI,2013,Sexual orientation only
Fiji,FJI,2014,Sexual orientation only
Fiji,FJI,2015,Sexual orientation and gender identity
Fiji,FJI,2016,Sexual orientation and gender identity
Fiji,FJI,2017,Sexual orientation and gender identity
Fiji,FJI,2018,Sexual orientation and gender identity
Fiji,FJI,2019,Sexual orientation and gender identity
Fiji,FJI,2020,Sexual orientation and gender identity
Fiji,FJI,2021,Sexual orientation and gender identity
Fiji,FJI,2022,Sexual orientation and gender identity
Fiji,FJI,2023,Sexual orientation and gender identity
Fiji,FJI,2024,Sexual orientation and gender identity
Fiji,FJI,2025,Sexual orientation and gender identity
Finland,FIN,2004,Sexual orientation and gender identity
Finland,FIN,2005,Sexual orientation and gender identity
Finland,FIN,2006,Sexual orientation and gender identity
Finland,FIN,2007,Sexual orientation and gender identity
Finland,FIN,2008,Sexual orientation and gender identity
Finland,FIN,2009,Sexual orientation and gender identity
Finland,FIN,2010,Sexual orientation and gender identity
Finland,FIN,2011,Sexual orientation and gender identity
Finland,FIN,2012,Sexual orientation and gender identity
Finland,FIN,2013,Sexual orientation and gender identity
Finland,FIN,2014,Sexual orientation and gender identity
Finland,FIN,2015,Sexual orientation and gender identity
Finland,FIN,2016,Sexual orientation and gender identity
Finland,FIN,2017,Sexual orientation and gender identity
Finland,FIN,2018,Sexual orientation and gender identity
Finland,FIN,2019,Sexual orientation and gender identity
Finland,FIN,2020,Sexual orientation and gender identity
Finland,FIN,2021,Sexual orientation and gender identity
Finland,FIN,2022,Sexual orientation and gender identity
Finland,FIN,2023,Sexual orientation and gender identity
Finland,FIN,2024,Sexual orientation and gender identity
Finland,FIN,2025,Sexual orientation and gender identity
France,FRA,2001,Sexual orientation only
France,FRA,2002,Sexual orientation only
France,FRA,2003,Sexual orientation only
France,FRA,2004,Sexual orientation only
France,FRA,2005,Sexual orientation only
France,FRA,2006,Sexual orientation only
France,FRA,2007,Sexual orientation only
France,FRA,2008,Sexual orientation only
France,FRA,2009,Sexual orientation only
France,FRA,2010,Sexual orientation only
France,FRA,2011,Sexual orientation only
France,FRA,2012,Sexual orientation and gender identity
France,FRA,2013,Sexual orientation and gender identity
France,FRA,2014,Sexual orientation and gender identity
France,FRA,2015,Sexual orientation and gender identity
France,FRA,2016,Sexual orientation and gender identity
France,FRA,2017,Sexual orientation and gender identity
France,FRA,2018,Sexual orientation and gender identity
France,FRA,2019,Sexual orientation and gender identity
France,FRA,2020,Sexual orientation and gender identity
France,FRA,2021,Sexual orientation and gender identity
France,FRA,2022,Sexual orientation and gender identity
France,FRA,2023,Sexual orientation and gender identity
France,FRA,2024,Sexual orientation and gender identity
France,FRA,2025,Sexual orientation and gender identity
Gabon,GAB,2025,No protections
Gambia,GMB,2025,No protections
Georgia,GEO,2014,Sexual orientation and gender identity
Georgia,GEO,2015,Sexual orientation and gender identity
Georgia,GEO,2016,Sexual orientation and gender identity
Georgia,GEO,2017,Sexual orientation and gender identity
Georgia,GEO,2018,Sexual orientation and gender identity
Georgia,GEO,2019,Sexual orientation and gender identity
Georgia,GEO,2020,Sexual orientation and gender identity
Georgia,GEO,2021,Sexual orientation and gender identity
Georgia,GEO,2022,Sexual orientation and gender identity
Georgia,GEO,2023,Sexual orientation and gender identity
Georgia,GEO,2024,Sexual orientation and gender identity
Georgia,GEO,2025,Sexual orientation and gender identity
Germany,DEU,2006,Sexual orientation and gender identity
Germany,DEU,2007,Sexual orientation and gender identity
Germany,DEU,2008,Sexual orientation and gender identity
Germany,DEU,2009,Sexual orientation and gender identity
Germany,DEU,2010,Sexual orientation and gender identity
Germany,DEU,2011,Sexual orientation and gender identity
Germany,DEU,2012,Sexual orientation and gender identity
Germany,DEU,2013,Sexual orientation and gender identity
Germany,DEU,2014,Sexual orientation and gender identity
Germany,DEU,2015,Sexual orientation and gender identity
Germany,DEU,2016,Sexual orientation and gender identity
Germany,DEU,2017,Sexual orientation and gender identity
Germany,DEU,2018,Sexual orientation and gender identity
Germany,DEU,2019,Sexual orientation and gender identity
Germany,DEU,2020,Sexual orientation and gender identity
Germany,DEU,2021,Sexual orientation and gender identity
Germany,DEU,2022,Sexual orientation and gender identity
Germany,DEU,2023,Sexual orientation and gender identity
Germany,DEU,2024,Sexual orientation and gender identity
Germany,DEU,2025,Sexual orientation and gender identity
Ghana,GHA,2025,No protections
Greece,GRC,2005,Sexual orientation only
Greece,GRC,2006,Sexual orientation only
Greece,GRC,2007,Sexual orientation only
Greece,GRC,2008,Sexual orientation only
Greece,GRC,2009,Sexual orientation only
Greece,GRC,2010,Sexual orientation only
Greece,GRC,2011,Sexual orientation only
Greece,GRC,2012,Sexual orientation only
Greece,GRC,2013,Sexual orientation only
Greece,GRC,2014,Sexual orientation only
Greece,GRC,2015,Sexual orientation only
Greece,GRC,2016,Sexual orientation and gender identity
Greece,GRC,2017,Sexual orientation and gender identity
Greece,GRC,2018,Sexual orientation and gender identity
Greece,GRC,2019,Sexual orientation and gender identity
Greece,GRC,2020,Sexual orientation and gender identity
Greece,GRC,2021,Sexual orientation and gender identity
Greece,GRC,2022,Sexual orientation and gender identity
Greece,GRC,2023,Sexual orientation and gender identity
Greece,GRC,2024,Sexual orientation and gender identity
Greece,GRC,2025,Sexual orientation and gender identity
Grenada,GRD,2025,No protections
Guatemala,GTM,2025,No protections
Guinea,GIN,2025,No protections
Guyana,GUY,2025,No protections
Haiti,HTI,2025,No protections
Honduras,HND,2020,Sexual orientation and gender identity
Honduras,HND,2021,Sexual orientation and gender identity
Honduras,HND,2022,Sexual orientation and gender identity
Honduras,HND,2023,Sexual orientation and gender identity
Honduras,HND,2024,Sexual orientation and gender identity
Honduras,HND,2025,Sexual orientation and gender identity
Hungary,HUN,1998,Sexual orientation and gender identity
Hungary,HUN,1999,Sexual orientation and gender identity
Hungary,HUN,2000,Sexual orientation and gender identity
Hungary,HUN,2001,Sexual orientation and gender identity
Hungary,HUN,2002,Sexual orientation and gender identity
Hungary,HUN,2003,Sexual orientation and gender identity
Hungary,HUN,2004,Sexual orientation and gender identity
Hungary,HUN,2005,Sexual orientation and gender identity
Hungary,HUN,2006,Sexual orientation and gender identity
Hungary,HUN,2007,Sexual orientation and gender identity
Hungary,HUN,2008,Sexual orientation and gender identity
Hungary,HUN,2009,Sexual orientation and gender identity
Hungary,HUN,2010,Sexual orientation and gender identity
Hungary,HUN,2011,Sexual orientation and gender identity
Hungary,HUN,2012,Sexual orientation and gender identity
Hungary,HUN,2013,Sexual orientation and gender identity
Hungary,HUN,2014,Sexual orientation and gender identity
Hungary,HUN,2015,Sexual orientation and gender identity
Hungary,HUN,2016,Sexual orientation and gender identity
Hungary,HUN,2017,Sexual orientation and gender identity
Hungary,HUN,2018,Sexual orientation and gender identity
Hungary,HUN,2019,Sexual orientation and gender identity
Hungary,HUN,2020,Sexual orientation and gender identity
Hungary,HUN,2021,Sexual orientation and gender identity
Hungary,HUN,2022,Sexual orientation and gender identity
Hungary,HUN,2023,Sexual orientation and gender identity
Hungary,HUN,2024,Sexual orientation and gender identity
Hungary,HUN,2025,Sexual orientation and gender identity
Iceland,ISL,2018,Sexual orientation and gender identity
Iceland,ISL,2019,Sexual orientation and gender identity
Iceland,ISL,2020,Sexual orientation and gender identity
Iceland,ISL,2021,Sexual orientation and gender identity
Iceland,ISL,2022,Sexual orientation and gender identity
Iceland,ISL,2023,Sexual orientation and gender identity
Iceland,ISL,2024,Sexual orientation and gender identity
Iceland,ISL,2025,Sexual orientation and gender identity
India,IND,2020,Gender identity only
India,IND,2021,Gender identity only
India,IND,2022,Gender identity only
India,IND,2023,Gender identity only
India,IND,2024,Gender identity only
India,IND,2025,Gender identity only
Indonesia,IDN,2025,No protections
Iran,IRN,2025,No protections
Iraq,IRQ,2025,No protections
Ireland,IRL,1999,Sexual orientation and gender identity
Ireland,IRL,2000,Sexual orientation and gender identity
Ireland,IRL,2001,Sexual orientation and gender identity
Ireland,IRL,2002,Sexual orientation and gender identity
Ireland,IRL,2003,Sexual orientation and gender identity
Ireland,IRL,2004,Sexual orientation and gender identity
Ireland,IRL,2005,Sexual orientation and gender identity
Ireland,IRL,2006,Sexual orientation and gender identity
Ireland,IRL,2007,Sexual orientation and gender identity
Ireland,IRL,2008,Sexual orientation and gender identity
Ireland,IRL,2009,Sexual orientation and gender identity
Ireland,IRL,2010,Sexual orientation and gender identity
Ireland,IRL,2011,Sexual orientation and gender identity
Ireland,IRL,2012,Sexual orientation and gender identity
Ireland,IRL,2013,Sexual orientation and gender identity
Ireland,IRL,2014,Sexual orientation and gender identity
Ireland,IRL,2015,Sexual orientation and gender identity
Ireland,IRL,2016,Sexual orientation and gender identity
Ireland,IRL,2017,Sexual orientation and gender identity
Ireland,IRL,2018,Sexual orientation and gender identity
Ireland,IRL,2019,Sexual orientation and gender identity
Ireland,IRL,2020,Sexual orientation and gender identity
Ireland,IRL,2021,Sexual orientation and gender identity
Ireland,IRL,2022,Sexual orientation and gender identity
Ireland,IRL,2023,Sexual orientation and gender identity
Ireland,IRL,2024,Sexual orientation and gender identity
Ireland,IRL,2025,Sexual orientation and gender identity
Israel,ISR,1992,Sexual orientation only
Israel,ISR,1993,Sexual orientation only
Israel,ISR,1994,Sexual orientation only
Israel,ISR,1995,Sexual orientation only
Israel,ISR,1996,Sexual orientation only
Israel,ISR,1997,Sexual orientation only
Israel,ISR,1998,Sexual orientation only
Israel,ISR,1999,Sexual orientation only
Israel,ISR,2000,Sexual orientation only
Israel,ISR,2001,Sexual orientation only
Israel,ISR,2002,Sexual orientation only
Israel,ISR,2003,Sexual orientation only
Israel,ISR,2004,Sexual orientation only
Israel,ISR,2005,Sexual orientation only
Israel,ISR,2006,Sexual orientation only
Israel,ISR,2007,Sexual orientation only
Israel,ISR,2008,Sexual orientation only
Israel,ISR,2009,Sexual orientation only
Israel,ISR,2010,Sexual orientation only
Israel,ISR,2011,Sexual orientation only
Israel,ISR,2012,Sexual orientation only
Israel,ISR,2013,Sexual orientation only
Israel,ISR,2014,Sexual orientation only
Israel,ISR,2015,Sexual orientation and gender identity
Israel,ISR,2016,Sexual orientation and gender identity
Israel,ISR,2017,Sexual orientation and gender identity
Israel,ISR,2018,Sexual orientation and gender identity
Israel,ISR,2019,Sexual orientation and gender identity
Israel,ISR,2020,Sexual orientation and gender identity
Israel,ISR,2021,Sexual orientation and gender identity
Israel,ISR,2022,Sexual orientation and gender identity
Israel,ISR,2023,Sexual orientation and gender identity
Israel,ISR,2024,Sexual orientation and gender identity
Israel,ISR,2025,Sexual orientation and gender identity
Italy,ITA,2003,Sexual orientation only
Italy,ITA,2004,Sexual orientation only
Italy,ITA,2005,Sexual orientation only
Italy,ITA,2006,Sexual orientation only
Italy,ITA,2007,Sexual orientation only
Italy,ITA,2008,Sexual orientation only
Italy,ITA,2009,Sexual orientation only
Italy,ITA,2010,Sexual orientation only
Italy,ITA,2011,Sexual orientation only
Italy,ITA,2012,Sexual orientation only
Italy,ITA,2013,Sexual orientation only
Italy,ITA,2014,Sexual orientation only
Italy,ITA,2015,Sexual orientation only
Italy,ITA,2016,Sexual orientation only
Italy,ITA,2017,Sexual orientation only
Italy,ITA,2018,Sexual orientation only
Italy,ITA,2019,Sexual orientation only
Italy,ITA,2020,Sexual orientation only
Italy,ITA,2021,Sexual orientation only
Italy,ITA,2022,Sexual orientation only
Italy,ITA,2023,Sexual orientation and gender identity
Italy,ITA,2024,Sexual orientation and gender identity
Italy,ITA,2025,Sexual orientation and gender identity
Jamaica,JAM,2025,No protections
Japan,JPN,2025,Varies by region
Jordan,JOR,2025,No protections
Kazakhstan,KAZ,2025,No protections
Kenya,KEN,2025,No protections
Kiribati,KIR,2015,Sexual orientation only
Kiribati,KIR,2016,Sexual orientation only
Kiribati,KIR,2017,Sexual orientation only
Kiribati,KIR,2018,Sexual orientation only
Kiribati,KIR,2019,Sexual orientation only
Kiribati,KIR,2020,Sexual orientation only
Kiribati,KIR,2021,Sexual orientation only
Kiribati,KIR,2022,Sexual orientation only
Kiribati,KIR,2023,Sexual orientation only
Kiribati,KIR,2024,Sexual orientation only
Kiribati,KIR,2025,Sexual orientation only
Kuwait,KWT,2025,No protections
Kyrgyzstan,KGZ,2025,No protections
Latvia,LVA,2006,Sexual orientation only
Latvia,LVA,2007,Sexual orientation only
Latvia,LVA,2008,Sexual orientation only
Latvia,LVA,2009,Sexual orientation only
Latvia,LVA,2010,Sexual orientation only
Latvia,LVA,2011,Sexual orientation only
Latvia,LVA,2012,Sexual orientation only
Latvia,LVA,2013,Sexual orientation only
Latvia,LVA,2014,Sexual orientation only
Latvia,LVA,2015,Sexual orientation only
Latvia,LVA,2016,Sexual orientation only
Latvia,LVA,2017,Sexual orientation only
Latvia,LVA,2018,Sexual orientation only
Latvia,LVA,2019,Sexual orientation only
Latvia,LVA,2020,Sexual orientation only
Latvia,LVA,2021,Sexual orientation only
Latvia,LVA,2022,Sexual orientation only
Latvia,LVA,2023,Sexual orientation only
Latvia,LVA,2024,Sexual orientation only
Latvia,LVA,2025,Sexual orientation only
Lebanon,LBN,2025,No protections
Lesotho,LSO,2024,Sexual orientation and gender identity
Lesotho,LSO,2025,Sexual orientation and gender identity
Liberia,LBR,2015,Sexual orientation and gender identity
Liberia,LBR,2016,Sexual orientation and gender identity
Liberia,LBR,2017,Sexual orientation and gender identity
Liberia,LBR,2018,Sexual orientation and gender identity
Liberia,LBR,2019,Sexual orientation and gender identity
Liberia,LBR,2020,Sexual orientation and gender identity
Liberia,LBR,2021,Sexual orientation and gender identity
Liberia,LBR,2022,Sexual orientation and gender identity
Liberia,LBR,2023,Sexual orientation and gender identity
Liberia,LBR,2024,Sexual orientation and gender identity
Liberia,LBR,2025,Sexual orientation and gender identity
Libya,LBY,2025,No protections
Liechtenstein,LIE,2025,No protections
Lithuania,LTU,2000,Sexual orientation only
Lithuania,LTU,2001,Sexual orientation only
Lithuania,LTU,2002,Sexual orientation only
Lithuania,LTU,2003,Sexual orientation only
Lithuania,LTU,2004,Sexual orientation only
Lithuania,LTU,2005,Sexual orientation only
Lithuania,LTU,2006,Sexual orientation only
Lithuania,LTU,2007,Sexual orientation only
Lithuania,LTU,2008,Sexual orientation only
Lithuania,LTU,2009,Sexual orientation only
Lithuania,LTU,2010,Sexual orientation only
Lithuania,LTU,2011,Sexual orientation only
Lithuania,LTU,2012,Sexual orientation only
Lithuania,LTU,2013,Sexual orientation only
Lithuania,LTU,2014,Sexual orientation only
Lithuania,LTU,2015,Sexual orientation only
Lithuania,LTU,2016,Sexual orientation only
Lithuania,LTU,2017,Sexual orientation only
Lithuania,LTU,2018,Sexual orientation only
Lithuania,LTU,2019,Sexual orientation only
Lithuania,LTU,2020,Sexual orientation only
Lithuania,LTU,2021,Sexual orientation only
Lithuania,LTU,2022,Sexual orientation only
Lithuania,LTU,2023,Sexual orientation only
Lithuania,LTU,2024,Sexual orientation only
Lithuania,LTU,2025,Sexual orientation only
Luxembourg,LUX,2006,Sexual orientation and gender identity
Luxembourg,LUX,2007,Sexual orientation and gender identity
Luxembourg,LUX,2008,Sexual orientation and gender identity
Luxembourg,LUX,2009,Sexual orientation and gender identity
Luxembourg,LUX,2010,Sexual orientation and gender identity
Luxembourg,LUX,2011,Sexual orientation and gender identity
Luxembourg,LUX,2012,Sexual orientation and gender identity
Luxembourg,LUX,2013,Sexual orientation and gender identity
Luxembourg,LUX,2014,Sexual orientation and gender identity
Luxembourg,LUX,2015,Sexual orientation and gender identity
Luxembourg,LUX,2016,Sexual orientation and gender identity
Luxembourg,LUX,2017,Sexual orientation and gender identity
Luxembourg,LUX,2018,Sexual orientation and gender identity
Luxembourg,LUX,2019,Sexual orientation and gender identity
Luxembourg,LUX,2020,Sexual orientation and gender identity
Luxembourg,LUX,2021,Sexual orientation and gender identity
Luxembourg,LUX,2022,Sexual orientation and gender identity
Luxembourg,LUX,2023,Sexual orientation and gender identity
Luxembourg,LUX,2024,Sexual orientation and gender identity
Luxembourg,LUX,2025,Sexual orientation and gender identity
Madagascar,MDG,2025,No protections
Malawi,MWI,2025,No protections
Malaysia,MYS,2025,No protections
Maldives,MDV,2025,No protections
Mali,MLI,2025,No protections
Malta,MLT,2004,Sexual orientation and gender identity
Malta,MLT,2005,Sexual orientation and gender identity
Malta,MLT,2006,Sexual orientation and gender identity
Malta,MLT,2007,Sexual orientation and gender identity
Malta,MLT,2008,Sexual orientation and gender identity
Malta,MLT,2009,Sexual orientation and gender identity
Malta,MLT,2010,Sexual orientation and gender identity
Malta,MLT,2011,Sexual orientation and gender identity
Malta,MLT,2012,Sexual orientation and gender identity
Malta,MLT,2013,Sexual orientation and gender identity
Malta,MLT,2014,Sexual orientation and gender identity
Malta,MLT,2015,Sexual orientation and gender identity
Malta,MLT,2016,Sexual orientation and gender identity
Malta,MLT,2017,Sexual orientation and gender identity
Malta,MLT,2018,Sexual orientation and gender identity
Malta,MLT,2019,Sexual orientation and gender identity
Malta,MLT,2020,Sexual orientation and gender identity
Malta,MLT,2021,Sexual orientation and gender identity
Malta,MLT,2022,Sexual orientation and gender identity
Malta,MLT,2023,Sexual orientation and gender identity
Malta,MLT,2024,Sexual orientation and gender identity
Malta,MLT,2025,Sexual orientation and gender identity
Marshall Islands,MHL,2019,Sexual orientation and gender identity
Marshall Islands,MHL,2020,Sexual orientation and gender identity
Marshall Islands,MHL,2021,Sexual orientation and gender identity
Marshall Islands,MHL,2022,Sexual orientation and gender identity
Marshall Islands,MHL,2023,Sexual orientation and gender identity
Marshall Islands,MHL,2024,Sexual orientation and gender identity
Marshall Islands,MHL,2025,Sexual orientation and gender identity
Mauritania,MRT,2025,No protections
Mauritius,MUS,2008,Sexual orientation only
Mauritius,MUS,2009,Sexual orientation only
Mauritius,MUS,2010,Sexual orientation only
Mauritius,MUS,2011,Sexual orientation only
Mauritius,MUS,2012,Sexual orientation only
Mauritius,MUS,2013,Sexual orientation only
Mauritius,MUS,2014,Sexual orientation only
Mauritius,MUS,2015,Sexual orientation only
Mauritius,MUS,2016,Sexual orientation only
Mauritius,MUS,2017,Sexual orientation only
Mauritius,MUS,2018,Sexual orientation only
Mauritius,MUS,2019,Sexual orientation only
Mauritius,MUS,2020,Sexual orientation only
Mauritius,MUS,2021,Sexual orientation only
Mauritius,MUS,2022,Sexual orientation only
Mauritius,MUS,2023,Sexual orientation only
Mauritius,MUS,2024,Sexual orientation only
Mauritius,MUS,2025,Sexual orientation only
Mexico,MEX,2003,Varies by region
Mexico,MEX,2004,Varies by region
Mexico,MEX,2005,Varies by region
Mexico,MEX,2006,Varies by region
Mexico,MEX,2007,Varies by region
Mexico,MEX,2008,Varies by region
Mexico,MEX,2009,Varies by region
Mexico,MEX,2010,Varies by region
Mexico,MEX,2011,Varies by region
Mexico,MEX,2012,Sexual orientation only
Mexico,MEX,2013,Sexual orientation only
Mexico,MEX,2014,Sexual orientation only
Mexico,MEX,2015,Sexual orientation only
Mexico,MEX,2016,Sexual orientation only
Mexico,MEX,2017,Sexual orientation only
Mexico,MEX,2018,Sexual orientation only
Mexico,MEX,2019,Sexual orientation only
Mexico,MEX,2020,Sexual orientation only
Mexico,MEX,2021,Sexual orientation only
Mexico,MEX,2022,Sexual orientation only
Mexico,MEX,2023,Sexual orientation only
Mexico,MEX,2024,Sexual orientation only
Mexico,MEX,2025,Sexual orientation only
Micronesia (country),FSM,2018,Sexual orientation only
Micronesia (country),FSM,2019,Sexual orientation only
Micronesia (country),FSM,2020,Sexual orientation only
Micronesia (country),FSM,2021,Sexual orientation only
Micronesia (country),FSM,2022,Sexual orientation only
Micronesia (country),FSM,2023,Sexual orientation only
Micronesia (country),FSM,2024,Sexual orientation only
Micronesia (country),FSM,2025,Sexual orientation only
Moldova,MDA,2013,Sexual orientation only
Moldova,MDA,2014,Sexual orientation only
Moldova,MDA,2015,Sexual orientation only
Moldova,MDA,2016,Sexual orientation only
Moldova,MDA,2017,Sexual orientation only
Moldova,MDA,2018,Sexual orientation only
Moldova,MDA,2019,Sexual orientation only
Moldova,MDA,2020,Sexual orientation only
Moldova,MDA,2021,Sexual orientation only
Moldova,MDA,2022,Sexual orientation only
Moldova,MDA,2023,Sexual orientation and gender identity
Moldova,MDA,2024,Sexual orientation and gender identity
Moldova,MDA,2025,Sexual orientation and gender identity
Monaco,MCO,2025,No protections
Mongolia,MNG,2022,Sexual orientation and gender identity
Mongolia,MNG,2023,Sexual orientation and gender identity
Mongolia,MNG,2024,Sexual orientation and gender identity
Mongolia,MNG,2025,Sexual orientation and gender identity
Montenegro,MNE,2003,No protections
Montenegro,MNE,2004,No protections
Montenegro,MNE,2005,No protections
Montenegro,MNE,2006,No protections
Montenegro,MNE,2007,No protections
Montenegro,MNE,2008,Sexual orientation only
Montenegro,MNE,2009,Sexual orientation only
Montenegro,MNE,2010,Sexual orientation and gender identity
Montenegro,MNE,2011,Sexual orientation and gender identity
Montenegro,MNE,2012,Sexual orientation and gender identity
Montenegro,MNE,2013,Sexual orientation and gender identity
Montenegro,MNE,2014,Sexual orientation and gender identity
Montenegro,MNE,2015,Sexual orientation and gender identity
Montenegro,MNE,2016,Sexual orientation and gender identity
Montenegro,MNE,2017,Sexual orientation and gender identity
Montenegro,MNE,2018,Sexual orientation and gender identity
Montenegro,MNE,2019,Sexual orientation and gender identity
Montenegro,MNE,2020,Sexual orientation and gender identity
Montenegro,MNE,2021,Sexual orientation and gender identity
Montenegro,MNE,2022,Sexual orientation and gender identity
Montenegro,MNE,2023,Sexual orientation and gender identity
Montenegro,MNE,2024,Sexual orientation and gender identity
Montenegro,MNE,2025,Sexual orientation and gender identity
Morocco,MAR,2025,No protections
Mozambique,MOZ,2007,Sexual orientation only
Mozambique,MOZ,2008,Sexual orientation only
Mozambique,MOZ,2009,Sexual orientation only
Mozambique,MOZ,2010,Sexual orientation only
Mozambique,MOZ,2011,Sexual orientation only
Mozambique,MOZ,2012,Sexual orientation only
Mozambique,MOZ,2013,Sexual orientation only
Mozambique,MOZ,2014,Sexual orientation only
Mozambique,MOZ,2015,Sexual orientation only
Mozambique,MOZ,2016,Sexual orientation only
Mozambique,MOZ,2017,Sexual orientation only
Mozambique,MOZ,2018,Sexual orientation only
Mozambique,MOZ,2019,Sexual orientation only
Mozambique,MOZ,2020,Sexual orientation only
Mozambique,MOZ,2021,Sexual orientation only
Mozambique,MOZ,2022,Sexual orientation only
Mozambique,MOZ,2023,Sexual orientation only
Mozambique,MOZ,2024,Sexual orientation only
Mozambique,MOZ,2025,Sexual orientation only
Myanmar,MMR,2025,No protections
Namibia,NAM,2025,No protections
Nauru,NRU,2025,No protections
Nepal,NPL,2025,No protections
Netherlands,NLD,1993,Sexual orientation only
Netherlands,NLD,1994,Sexual orientation only
Netherlands,NLD,1995,Sexual orientation only
Netherlands,NLD,1996,Sexual orientation only
Netherlands,NLD,1997,Sexual orientation only
Netherlands,NLD,1998,Sexual orientation only
Netherlands,NLD,1999,Sexual orientation only
Netherlands,NLD,2000,Sexual orientation only
Netherlands,NLD,2001,Sexual orientation only
Netherlands,NLD,2002,Sexual orientation only
Netherlands,NLD,2003,Sexual orientation only
Netherlands,NLD,2004,Sexual orientation only
Netherlands,NLD,2005,Sexual orientation only
Netherlands,NLD,2006,Sexual orientation only
Netherlands,NLD,2007,Sexual orientation only
Netherlands,NLD,2008,Sexual orientation only
Netherlands,NLD,2009,Sexual orientation only
Netherlands,NLD,2010,Sexual orientation only
Netherlands,NLD,2011,Sexual orientation only
Netherlands,NLD,2012,Sexual orientation only
Netherlands,NLD,2013,Sexual orientation only
Netherlands,NLD,2014,Sexual orientation only
Netherlands,NLD,2015,Sexual orientation only
Netherlands,NLD,2016,Sexual orientation only
Netherlands,NLD,2017,Sexual orientation only
Netherlands,NLD,2018,Sexual orientation only
Netherlands,NLD,2019,Sexual orientation and gender identity
Netherlands,NLD,2020,Sexual orientation and gender identity
Netherlands,NLD,2021,Sexual orientation and gender identity
Netherlands,NLD,2022,Sexual orientation and gender identity
Netherlands,NLD,2023,Sexual orientation and gender identity
Netherlands,NLD,2024,Sexual orientation and gender identity
Netherlands,NLD,2025,Sexual orientation and gender identity
New Zealand,NZL,1994,Sexual orientation only
New Zealand,NZL,1995,Sexual orientation only
New Zealand,NZL,1996,Sexual orientation only
New Zealand,NZL,1997,Sexual orientation only
New Zealand,NZL,1998,Sexual orientation only
New Zealand,NZL,1999,Sexual orientation only
New Zealand,NZL,2000,Sexual orientation only
New Zealand,NZL,2001,Sexual orientation only
New Zealand,NZL,2002,Sexual orientation only
New Zealand,NZL,2003,Sexual orientation only
New Zealand,NZL,2004,Sexual orientation only
New Zealand,NZL,2005,Sexual orientation only
New Zealand,NZL,2006,Sexual orientation only
New Zealand,NZL,2007,Sexual orientation only
New Zealand,NZL,2008,Sexual orientation only
New Zealand,NZL,2009,Sexual orientation only
New Zealand,NZL,2010,Sexual orientation only
New Zealand,NZL,2011,Sexual orientation only
New Zealand,NZL,2012,Sexual orientation only
New Zealand,NZL,2013,Sexual orientation only
New Zealand,NZL,2014,Sexual orientation only
New Zealand,NZL,2015,Sexual orientation only
New Zealand,NZL,2016,Sexual orientation only
New Zealand,NZL,2017,Sexual orientation only
New Zealand,NZL,2018,Sexual orientation only
New Zealand,NZL,2019,Sexual orientation only
New Zealand,NZL,2020,Sexual orientation only
New Zealand,NZL,2021,Sexual orientation only
New Zealand,NZL,2022,Sexual orientation only
New Zealand,NZL,2023,Sexual orientation only
New Zealand,NZL,2024,Sexual orientation only
New Zealand,NZL,2025,Sexual orientation only
Nicaragua,NIC,2008,Sexual orientation only
Nicaragua,NIC,2009,Sexual orientation only
Nicaragua,NIC,2010,Sexual orientation only
Nicaragua,NIC,2011,Sexual orientation only
Nicaragua,NIC,2012,Sexual orientation only
Nicaragua,NIC,2013,Sexual orientation only
Nicaragua,NIC,2014,Sexual orientation only
Nicaragua,NIC,2015,Sexual orientation only
Nicaragua,NIC,2016,Sexual orientation only
Nicaragua,NIC,2017,Sexual orientation only
Nicaragua,NIC,2018,Sexual orientation only
Nicaragua,NIC,2019,Sexual orientation only
Nicaragua,NIC,2020,Sexual orientation only
Nicaragua,NIC,2021,Sexual orientation only
Nicaragua,NIC,2022,Sexual orientation only
Nicaragua,NIC,2023,Sexual orientation only
Nicaragua,NIC,2024,Sexual orientation only
Nicaragua,NIC,2025,Sexual orientation only
Niger,NER,2025,No protections
Nigeria,NGA,2025,No protections
North Korea,PRK,2025,No protections
North Macedonia,MKD,2005,Sexual orientation only
North Macedonia,MKD,2006,Sexual orientation only
North Macedonia,MKD,2007,Sexual orientation only
North Macedonia,MKD,2008,Sexual orientation only
North Macedonia,MKD,2009,Sexual orientation only
North Macedonia,MKD,2010,Sexual orientation only
North Macedonia,MKD,2011,Sexual orientation only
North Macedonia,MKD,2012,Sexual orientation only
North Macedonia,MKD,2013,Sexual orientation only
North Macedonia,MKD,2014,Sexual orientation only
North Macedonia,MKD,2015,Sexual orientation only
North Macedonia,MKD,2016,Sexual orientation only
North Macedonia,MKD,2017,Sexual orientation only
North Macedonia,MKD,2018,Sexual orientation only
North Macedonia,MKD,2019,Sexual orientation and gender identity
North Macedonia,MKD,2020,Sexual orientation and gender identity
North Macedonia,MKD,2021,Sexual orientation and gender identity
North Macedonia,MKD,2022,Sexual orientation and gender identity
North Macedonia,MKD,2023,Sexual orientation and gender identity
North Macedonia,MKD,2024,Sexual orientation and gender identity
North Macedonia,MKD,2025,Sexual orientation and gender identity
Norway,NOR,1981,Sexual orientation and gender identity
Norway,NOR,1982,Sexual orientation and gender identity
Norway,NOR,1983,Sexual orientation and gender identity
Norway,NOR,1984,Sexual orientation and gender identity
Norway,NOR,1985,Sexual orientation and gender identity
Norway,NOR,1986,Sexual orientation and gender identity
Norway,NOR,1987,Sexual orientation and gender identity
Norway,NOR,1988,Sexual orientation and gender identity
Norway,NOR,1989,Sexual orientation and gender identity
Norway,NOR,1990,Sexual orientation and gender identity
Norway,NOR,1991,Sexual orientation and gender identity
Norway,NOR,1992,Sexual orientation and gender identity
Norway,NOR,1993,Sexual orientation and gender identity
Norway,NOR,1994,Sexual orientation and gender identity
Norway,NOR,1995,Sexual orientation and gender identity
Norway,NOR,1996,Sexual orientation and gender identity
Norway,NOR,1997,Sexual orientation and gender identity
Norway,NOR,1998,Sexual orientation and gender identity
Norway,NOR,1999,Sexual orientation and gender identity
Norway,NOR,2000,Sexual orientation and gender identity
Norway,NOR,2001,Sexual orientation and gender identity
Norway,NOR,2002,Sexual orientation and gender identity
Norway,NOR,2003,Sexual orientation and gender identity
Norway,NOR,2004,Sexual orientation and gender identity
Norway,NOR,2005,Sexual orientation and gender identity
Norway,NOR,2006,Sexual orientation and gender identity
Norway,NOR,2007,Sexual orientation and gender identity
Norway,NOR,2008,Sexual orientation and gender identity
Norway,NOR,2009,Sexual orientation and gender identity
Norway,NOR,2010,Sexual orientation and gender identity
Norway,NOR,2011,Sexual orientation and gender identity
Norway,NOR,2012,Sexual orientation and gender identity
Norway,NOR,2013,Sexual orientation and gender identity
Norway,NOR,2014,Sexual orientation and gender identity
Norway,NOR,2015,Sexual orientation and gender identity
Norway,NOR,2016,Sexual orientation and gender identity
Norway,NOR,2017,Sexual orientation and gender identity
Norway,NOR,2018,Sexual orientation and gender identity
Norway,NOR,2019,Sexual orientation and gender identity
Norway,NOR,2020,Sexual orientation and gender identity
Norway,NOR,2021,Sexual orientation and gender identity
Norway,NOR,2022,Sexual orientation and gender identity
Norway,NOR,2023,Sexual orientation and gender identity
Norway,NOR,2024,Sexual orientation and gender identity
Norway,NOR,2025,Sexual orientation and gender identity
Oman,OMN,2025,No protections
Pakistan,PAK,2018,Gender identity only
Pakistan,PAK,2019,Gender identity only
Pakistan,PAK,2020,Gender identity only
Pakistan,PAK,2021,Gender identity only
Pakistan,PAK,2022,Gender identity only
Pakistan,PAK,2023,Gender identity only
Pakistan,PAK,2024,Gender identity only
Pakistan,PAK,2025,Gender identity only
Palau,PLW,2025,No protections
Panama,PAN,2018,No protections
Panama,PAN,2019,No protections
Panama,PAN,2020,No protections
Panama,PAN,2021,No protections
Panama,PAN,2022,No protections
Panama,PAN,2023,No protections
Panama,PAN,2024,No protections
Panama,PAN,2025,No protections
Paraguay,PRY,2025,No protections
Peru,PER,2017,Sexual orientation and gender identity
Peru,PER,2018,Sexual orientation and gender identity
Peru,PER,2019,Sexual orientation and gender identity
Peru,PER,2020,Sexual orientation and gender identity
Peru,PER,2021,Sexual orientation and gender identity
Peru,PER,2022,Sexual orientation and gender identity
Peru,PER,2023,Sexual orientation and gender identity
Peru,PER,2024,Sexual orientation and gender identity
Peru,PER,2025,Sexual orientation and gender identity
Philippines,PHL,2025,Sexual orientation only
Poland,POL,2011,Sexual orientation only
Poland,POL,2012,Sexual orientation only
Poland,POL,2013,Sexual orientation only
Poland,POL,2014,Sexual orientation only
Poland,POL,2015,Sexual orientation only
Poland,POL,2016,Sexual orientation only
Poland,POL,2017,Sexual orientation only
Poland,POL,2018,Sexual orientation only
Poland,POL,2019,Sexual orientation only
Poland,POL,2020,Sexual orientation only
Poland,POL,2021,Sexual orientation only
Poland,POL,2022,Sexual orientation and gender identity
Poland,POL,2023,Sexual orientation and gender identity
Poland,POL,2024,Sexual orientation and gender identity
Poland,POL,2025,Sexual orientation and gender identity
Portugal,PRT,2003,Sexual orientation only
Portugal,PRT,2004,Sexual orientation only
Portugal,PRT,2005,Sexual orientation only
Portugal,PRT,2006,Sexual orientation only
Portugal,PRT,2007,Sexual orientation only
Portugal,PRT,2008,Sexual orientation only
Portugal,PRT,2009,Sexual orientation only
Portugal,PRT,2010,Sexual orientation only
Portugal,PRT,2011,Sexual orientation only
Portugal,PRT,2012,Sexual orientation only
Portugal,PRT,2013,Sexual orientation only
Portugal,PRT,2014,Sexual orientation only
Portugal,PRT,2015,Sexual orientation and gender identity
Portugal,PRT,2016,Sexual orientation and gender identity
Portugal,PRT,2017,Sexual orientation and gender identity
Portugal,PRT,2018,Sexual orientation and gender identity
Portugal,PRT,2019,Sexual orientation and gender identity
Portugal,PRT,2020,Sexual orientation and gender identity
Portugal,PRT,2021,Sexual orientation and gender identity
Portugal,PRT,2022,Sexual orientation and gender identity
Portugal,PRT,2023,Sexual orientation and gender identity
Portugal,PRT,2024,Sexual orientation and gender identity
Portugal,PRT,2025,Sexual orientation and gender identity
Qatar,QAT,2025,No protections
Romania,ROU,2000,Sexual orientation only
Romania,ROU,2001,Sexual orientation only
Romania,ROU,2002,Sexual orientation only
Romania,ROU,2003,Sexual orientation only
Romania,ROU,2004,Sexual orientation only
Romania,ROU,2005,Sexual orientation only
Romania,ROU,2006,Sexual orientation only
Romania,ROU,2007,Sexual orientation only
Romania,ROU,2008,Sexual orientation only
Romania,ROU,2009,Sexual orientation only
Romania,ROU,2010,Sexual orientation only
Romania,ROU,2011,Sexual orientation only
Romania,ROU,2012,Sexual orientation only
Romania,ROU,2013,Sexual orientation only
Romania,ROU,2014,Sexual orientation only
Romania,ROU,2015,Sexual orientation only
Romania,ROU,2016,Sexual orientation only
Romania,ROU,2017,Sexual orientation only
Romania,ROU,2018,Sexual orientation only
Romania,ROU,2019,Sexual orientation only
Romania,ROU,2020,Sexual orientation only
Romania,ROU,2021,Sexual orientation only
Romania,ROU,2022,Sexual orientation only
Romania,ROU,2023,Sexual orientation only
Romania,ROU,2024,Sexual orientation only
Romania,ROU,2025,Sexual orientation only
Russia,RUS,2025,No protections
Rwanda,RWA,2025,No protections
Saint Kitts and Nevis,KNA,2025,No protections
Saint Lucia,LCA,2006,Sexual orientation only
Saint Lucia,LCA,2007,Sexual orientation only
Saint Lucia,LCA,2008,Sexual orientation only
Saint Lucia,LCA,2009,Sexual orientation only
Saint Lucia,LCA,2010,Sexual orientation only
Saint Lucia,LCA,2011,Sexual orientation only
Saint Lucia,LCA,2012,Sexual orientation only
Saint Lucia,LCA,2013,Sexual orientation only
Saint Lucia,LCA,2014,Sexual orientation only
Saint Lucia,LCA,2015,Sexual orientation only
Saint Lucia,LCA,2016,Sexual orientation only
Saint Lucia,LCA,2017,Sexual orientation only
Saint Lucia,LCA,2018,Sexual orientation only
Saint Lucia,LCA,2019,Sexual orientation only
Saint Lucia,LCA,2020,Sexual orientation only
Saint Lucia,LCA,2021,Sexual orientation only
Saint Lucia,LCA,2022,Sexual orientation only
Saint Lucia,LCA,2023,Sexual orientation only
Saint Lucia,LCA,2024,Sexual orientation only
Saint Lucia,LCA,2025,Sexual orientation only
Saint Vincent and the Grenadines,VCT,2025,No protections
Samoa,WSM,2013,Sexual orientation and gender identity
Samoa,WSM,2014,Sexual orientation and gender identity
Samoa,WSM,2015,Sexual orientation and gender identity
Samoa,WSM,2016,Sexual orientation and gender identity
Samoa,WSM,2017,Sexual orientation and gender identity
Samoa,WSM,2018,Sexual orientation and gender identity
Samoa,WSM,2019,Sexual orientation and gender identity
Samoa,WSM,2020,Sexual orientation and gender identity
Samoa,WSM,2021,Sexual orientation and gender identity
Samoa,WSM,2022,Sexual orientation and gender identity
Samoa,WSM,2023,Sexual orientation and gender identity
Samoa,WSM,2024,Sexual orientation and gender identity
Samoa,WSM,2025,Sexual orientation and gender identity
San Marino,SMR,2019,Sexual orientation only
San Marino,SMR,2020,Sexual orientation only
San Marino,SMR,2021,Sexual orientation only
San Marino,SMR,2022,Sexual orientation only
San Marino,SMR,2023,Sexual orientation only
San Marino,SMR,2024,Sexual orientation only
San Marino,SMR,2025,Sexual orientation only
Sao Tome and Principe,STP,2019,Sexual orientation only
Sao Tome and Principe,STP,2020,Sexual orientation only
Sao Tome and Principe,STP,2021,Sexual orientation only
Sao Tome and Principe,STP,2022,Sexual orientation only
Sao Tome and Principe,STP,2023,Sexual orientation only
Sao Tome and Principe,STP,2024,Sexual orientation only
Sao Tome and Principe,STP,2025,Sexual orientation only
Saudi Arabia,SAU,2025,No protections
Senegal,SEN,2025,No protections
Serbia,SRB,2001,Ambiguous
Serbia,SRB,2002,Ambiguous
Serbia,SRB,2003,Ambiguous
Serbia,SRB,2004,Ambiguous
Serbia,SRB,2005,Sexual orientation only
Serbia,SRB,2006,Sexual orientation only
Serbia,SRB,2007,Sexual orientation only
Serbia,SRB,2008,Sexual orientation only
Serbia,SRB,2009,Sexual orientation and gender identity
Serbia,SRB,2010,Sexual orientation and gender identity
Serbia,SRB,2011,Sexual orientation and gender identity
Serbia,SRB,2012,Sexual orientation and gender identity
Serbia,SRB,2013,Sexual orientation and gender identity
Serbia,SRB,2014,Sexual orientation and gender identity
Serbia,SRB,2015,Sexual orientation and gender identity
Serbia,SRB,2016,Sexual orientation and gender identity
Serbia,SRB,2017,Sexual orientation and gender identity
Serbia,SRB,2018,Sexual orientation and gender identity
Serbia,SRB,2019,Sexual orientation and gender identity
Serbia,SRB,2020,Sexual orientation and gender identity
Serbia,SRB,2021,Sexual orientation and gender identity
Serbia,SRB,2022,Sexual orientation and gender identity
Serbia,SRB,2023,Sexual orientation and gender identity
Serbia,SRB,2024,Sexual orientation and gender identity
Serbia,SRB,2025,Sexual orientation and gender identity
Seychelles,SYC,2006,Sexual orientation only
Seychelles,SYC,2007,Sexual orientation only
Seychelles,SYC,2008,Sexual orientation only
Seychelles,SYC,2009,Sexual orientation only
Seychelles,SYC,2010,Sexual orientation only
Seychelles,SYC,2011,Sexual orientation only
Seychelles,SYC,2012,Sexual orientation only
Seychelles,SYC,2013,Sexual orientation only
Seychelles,SYC,2014,Sexual orientation only
Seychelles,SYC,2015,Sexual orientation only
Seychelles,SYC,2016,Sexual orientation only
Seychelles,SYC,2017,Sexual orientation only
Seychelles,SYC,2018,Sexual orientation only
Seychelles,SYC,2019,Sexual orientation only
Seychelles,SYC,2020,Sexual orientation only
Seychelles,SYC,2021,Sexual orientation only
Seychelles,SYC,2022,Sexual orientation only
Seychelles,SYC,2023,Sexual orientation only
Seychelles,SYC,2024,Sexual orientation only
Seychelles,SYC,2025,Sexual orientation only
Sierra Leone,SLE,2023,Sexual orientation only
Sierra Leone,SLE,2024,Sexual orientation only
Sierra Leone,SLE,2025,Sexual orientation only
Singapore,SGP,2025,Sexual orientation only
Slovakia,SVK,2018,Sexual orientation and gender identity
Slovakia,SVK,2019,Sexual orientation and gender identity
Slovakia,SVK,2020,Sexual orientation and gender identity
Slovakia,SVK,2021,Sexual orientation and gender identity
Slovakia,SVK,2022,Sexual orientation and gender identity
Slovakia,SVK,2023,Sexual orientation and gender identity
Slovakia,SVK,2024,Sexual orientation and gender identity
Slovakia,SVK,2025,Sexual orientation and gender identity
Slovenia,SVN,1995,No protections
Slovenia,SVN,1996,No protections
Slovenia,SVN,1997,No protections
Slovenia,SVN,1998,No protections
Slovenia,SVN,1999,No protections
Slovenia,SVN,2000,No protections
Slovenia,SVN,2001,No protections
Slovenia,SVN,2003,Sexual orientation only
Slovenia,SVN,2004,Sexual orientation only
Slovenia,SVN,2005,Sexual orientation only
Slovenia,SVN,2006,Sexual orientation only
Slovenia,SVN,2007,Sexual orientation only
Slovenia,SVN,2008,Sexual orientation only
Slovenia,SVN,2009,Sexual orientation only
Slovenia,SVN,2010,Sexual orientation only
Slovenia,SVN,2011,Sexual orientation only
Slovenia,SVN,2012,Sexual orientation only
Slovenia,SVN,2013,Sexual orientation only
Slovenia,SVN,2014,Sexual orientation only
Slovenia,SVN,2015,Sexual orientation only
Slovenia,SVN,2016,Sexual orientation and gender identity
Slovenia,SVN,2017,Sexual orientation and gender identity
Slovenia,SVN,2018,Sexual orientation and gender identity
Slovenia,SVN,2019,Sexual orientation and gender identity
Slovenia,SVN,2020,Sexual orientation and gender identity
Slovenia,SVN,2021,Sexual orientation and gender identity
Slovenia,SVN,2022,Sexual orientation and gender identity
Slovenia,SVN,2023,Sexual orientation and gender identity
Slovenia,SVN,2024,Sexual orientation and gender identity
Slovenia,SVN,2025,Sexual orientation and gender identity
Solomon Islands,SLB,2025,No protections
Somalia,SOM,2025,No protections
South Africa,ZAF,1996,Sexual orientation and gender identity
South Africa,ZAF,1997,Sexual orientation and gender identity
South Africa,ZAF,1998,Sexual orientation and gender identity
South Africa,ZAF,1999,Sexual orientation and gender identity
South Africa,ZAF,2000,Sexual orientation and gender identity
South Africa,ZAF,2001,Sexual orientation and gender identity
South Africa,ZAF,2002,Sexual orientation and gender identity
South Africa,ZAF,2003,Sexual orientation and gender identity
South Africa,ZAF,2004,Sexual orientation and gender identity
South Africa,ZAF,2005,Sexual orientation and gender identity
South Africa,ZAF,2006,Sexual orientation and gender identity
South Africa,ZAF,2007,Sexual orientation and gender identity
South Africa,ZAF,2008,Sexual orientation and gender identity
South Africa,ZAF,2009,Sexual orientation and gender identity
South Africa,ZAF,2010,Sexual orientation and gender identity
South Africa,ZAF,2011,Sexual orientation and gender identity
South Africa,ZAF,2012,Sexual orientation and gender identity
South Africa,ZAF,2013,Sexual orientation and gender identity
South Africa,ZAF,2014,Sexual orientation and gender identity
South Africa,ZAF,2015,Sexual orientation and gender identity
South Africa,ZAF,2016,Sexual orientation and gender identity
South Africa,ZAF,2017,Sexual orientation and gender identity
South Africa,ZAF,2018,Sexual orientation and gender identity
South Africa,ZAF,2019,Sexual orientation and gender identity
South Africa,ZAF,2020,Sexual orientation and gender identity
South Africa,ZAF,2021,Sexual orientation and gender identity
South Africa,ZAF,2022,Sexual orientation and gender identity
South Africa,ZAF,2023,Sexual orientation and gender identity
South Africa,ZAF,2024,Sexual orientation and gender identity
South Africa,ZAF,2025,Sexual orientation and gender identity
South Korea,KOR,2025,Varies by region
South Sudan,SSD,2025,No protections
Spain,ESP,1995,Sexual orientation only
Spain,ESP,1996,Sexual orientation only
Spain,ESP,1997,Sexual orientation only
Spain,ESP,1998,Sexual orientation only
Spain,ESP,1999,Sexual orientation only
Spain,ESP,2000,Sexual orientation only
Spain,ESP,2001,Sexual orientation only
Spain,ESP,2002,Sexual orientation only
Spain,ESP,2003,Sexual orientation only
Spain,ESP,2004,Sexual orientation only
Spain,ESP,2005,Sexual orientation only
Spain,ESP,2006,Sexual orientation only
Spain,ESP,2007,Sexual orientation only
Spain,ESP,2008,Sexual orientation only
Spain,ESP,2009,Sexual orientation only
Spain,ESP,2010,Sexual orientation only
Spain,ESP,2011,Sexual orientation only
Spain,ESP,2012,Sexual orientation only
Spain,ESP,2013,Sexual orientation only
Spain,ESP,2014,Sexual orientation only
Spain,ESP,2015,Sexual orientation only
Spain,ESP,2016,Sexual orientation only
Spain,ESP,2017,Sexual orientation only
Spain,ESP,2018,Sexual orientation only
Spain,ESP,2019,Sexual orientation only
Spain,ESP,2020,Sexual orientation only
Spain,ESP,2021,Sexual orientation only
Spain,ESP,2022,Sexual orientation and gender identity
Spain,ESP,2023,Sexual orientation and gender identity
Spain,ESP,2024,Sexual orientation and gender identity
Spain,ESP,2025,Sexual orientation and gender identity
Sri Lanka,LKA,2025,No protections
Sudan,SDN,2025,No protections
Suriname,SUR,2015,Sexual orientation and gender identity
Suriname,SUR,2016,Sexual orientation and gender identity
Suriname,SUR,2017,Sexual orientation and gender identity
Suriname,SUR,2018,Sexual orientation and gender identity
Suriname,SUR,2019,Sexual orientation and gender identity
Suriname,SUR,2020,Sexual orientation and gender identity
Suriname,SUR,2021,Sexual orientation and gender identity
Suriname,SUR,2022,Sexual orientation and gender identity
Suriname,SUR,2023,Sexual orientation and gender identity
Suriname,SUR,2024,Sexual orientation and gender identity
Suriname,SUR,2025,Sexual orientation and gender identity
Sweden,SWE,1999,Sexual orientation and gender identity
Sweden,SWE,2000,Sexual orientation and gender identity
Sweden,SWE,2001,Sexual orientation and gender identity
Sweden,SWE,2002,Sexual orientation and gender identity
Sweden,SWE,2003,Sexual orientation and gender identity
Sweden,SWE,2004,Sexual orientation and gender identity
Sweden,SWE,2005,Sexual orientation and gender identity
Sweden,SWE,2006,Sexual orientation and gender identity
Sweden,SWE,2007,Sexual orientation and gender identity
Sweden,SWE,2008,Sexual orientation and gender identity
Sweden,SWE,2009,Sexual orientation and gender identity
Sweden,SWE,2010,Sexual orientation and gender identity
Sweden,SWE,2011,Sexual orientation and gender identity
Sweden,SWE,2012,Sexual orientation and gender identity
Sweden,SWE,2013,Sexual orientation and gender identity
Sweden,SWE,2014,Sexual orientation and gender identity
Sweden,SWE,2015,Sexual orientation and gender identity
Sweden,SWE,2016,Sexual orientation and gender identity
Sweden,SWE,2017,Sexual orientation and gender identity
Sweden,SWE,2018,Sexual orientation and gender identity
Sweden,SWE,2019,Sexual orientation and gender identity
Sweden,SWE,2020,Sexual orientation and gender identity
Sweden,SWE,2021,Sexual orientation and gender identity
Sweden,SWE,2022,Sexual orientation and gender identity
Sweden,SWE,2023,Sexual orientation and gender identity
Sweden,SWE,2024,Sexual orientation and gender identity
Sweden,SWE,2025,Sexual orientation and gender identity
Switzerland,CHE,2025,No protections
Syria,SYR,2025,No protections
Taiwan,TWN,2007,Sexual orientation and gender identity
Taiwan,TWN,2008,Sexual orientation and gender identity
Taiwan,TWN,2009,Sexual orientation and gender identity
Taiwan,TWN,2010,Sexual orientation and gender identity
Taiwan,TWN,2011,Sexual orientation and gender identity
Taiwan,TWN,2012,Sexual orientation and gender identity
Taiwan,TWN,2013,Sexual orientation and gender identity
Taiwan,TWN,2014,Sexual orientation and gender identity
Taiwan,TWN,2015,Sexual orientation and gender identity
Taiwan,TWN,2016,Sexual orientation and gender identity
Taiwan,TWN,2017,Sexual orientation and gender identity
Taiwan,TWN,2018,Sexual orientation and gender identity
Taiwan,TWN,2019,Sexual orientation and gender identity
Taiwan,TWN,2020,Sexual orientation and gender identity
Taiwan,TWN,2021,Sexual orientation and gender identity
Taiwan,TWN,2022,Sexual orientation and gender identity
Taiwan,TWN,2023,Sexual orientation and gender identity
Taiwan,TWN,2024,Sexual orientation and gender identity
Taiwan,TWN,2025,Sexual orientation and gender identity
Tajikistan,TJK,2025,No protections
Togo,TGO,2025,No protections
Tonga,TON,2025,No protections
Trinidad and Tobago,TTO,2001,No protections
Trinidad and Tobago,TTO,2002,No protections
Trinidad and Tobago,TTO,2003,No protections
Trinidad and Tobago,TTO,2004,No protections
Trinidad and Tobago,TTO,2005,No protections
Trinidad and Tobago,TTO,2006,No protections
Trinidad and Tobago,TTO,2007,No protections
Trinidad and Tobago,TTO,2008,No protections
Trinidad and Tobago,TTO,2009,No protections
Trinidad and Tobago,TTO,2010,No protections
Trinidad and Tobago,TTO,2011,No protections
Trinidad and Tobago,TTO,2012,No protections
Trinidad and Tobago,TTO,2013,No protections
Trinidad and Tobago,TTO,2014,No protections
Trinidad and Tobago,TTO,2015,No protections
Trinidad and Tobago,TTO,2016,No protections
Trinidad and Tobago,TTO,2017,No protections
Trinidad and Tobago,TTO,2018,No protections
Trinidad and Tobago,TTO,2019,No protections
Trinidad and Tobago,TTO,2020,No protections
Trinidad and Tobago,TTO,2021,No protections
Trinidad and Tobago,TTO,2022,No protections
Trinidad and Tobago,TTO,2023,No protections
Trinidad and Tobago,TTO,2024,No protections
Trinidad and Tobago,TTO,2025,No protections
Tunisia,TUN,2025,No protections
Turkey,TUR,2018,No protections
Turkey,TUR,2019,No protections
Turkey,TUR,2020,No protections
Turkey,TUR,2021,No protections
Turkey,TUR,2022,No protections
Turkey,TUR,2023,No protections
Turkey,TUR,2024,No protections
Turkey,TUR,2025,No protections
Turkmenistan,TKM,2025,No protections
Tuvalu,TUV,2017,Sexual orientation only
Tuvalu,TUV,2018,Sexual orientation only
Tuvalu,TUV,2019,Sexual orientation only
Tuvalu,TUV,2020,Sexual orientation only
Tuvalu,TUV,2021,Sexual orientation only
Tuvalu,TUV,2022,Sexual orientation only
Tuvalu,TUV,2023,Sexual orientation only
Tuvalu,TUV,2024,Sexual orientation only
Tuvalu,TUV,2025,Sexual orientation only
Uganda,UGA,2025,No protections
Ukraine,UKR,2015,Sexual orientation and gender identity
Ukraine,UKR,2016,Sexual orientation and gender identity
Ukraine,UKR,2017,Sexual orientation and gender identity
Ukraine,UKR,2018,Sexual orientation and gender identity
Ukraine,UKR,2019,Sexual orientation and gender identity
Ukraine,UKR,2020,Sexual orientation and gender identity
Ukraine,UKR,2021,Sexual orientation and gender identity
Ukraine,UKR,2022,Sexual orientation and gender identity
Ukraine,UKR,2023,Sexual orientation and gender identity
Ukraine,UKR,2024,Sexual orientation and gender identity
Ukraine,UKR,2025,Sexual orientation and gender identity
United Arab Emirates,ARE,2025,No protections
United Kingdom,GBR,1999,Varies by region
United Kingdom,GBR,2000,Varies by region
United Kingdom,GBR,2001,Varies by region
United Kingdom,GBR,2002,Varies by region
United Kingdom,GBR,2003,Varies by region
United Kingdom,GBR,2004,Varies by region
United Kingdom,GBR,2005,Varies by region
United Kingdom,GBR,2006,Varies by region
United Kingdom,GBR,2007,Varies by region
United Kingdom,GBR,2008,Varies by region
United Kingdom,GBR,2009,Varies by region
United Kingdom,GBR,2010,Sexual orientation and gender identity
United Kingdom,GBR,2011,Sexual orientation and gender identity
United Kingdom,GBR,2012,Sexual orientation and gender identity
United Kingdom,GBR,2013,Sexual orientation and gender identity
United Kingdom,GBR,2014,Sexual orientation and gender identity
United Kingdom,GBR,2015,Sexual orientation and gender identity
United Kingdom,GBR,2016,Sexual orientation and gender identity
United Kingdom,GBR,2017,Sexual orientation and gender identity
United Kingdom,GBR,2018,Sexual orientation and gender identity
United Kingdom,GBR,2019,Sexual orientation and gender identity
United Kingdom,GBR,2020,Sexual orientation and gender identity
United Kingdom,GBR,2021,Sexual orientation and gender identity
United Kingdom,GBR,2022,Sexual orientation and gender identity
United Kingdom,GBR,2023,Sexual orientation and gender identity
United Kingdom,GBR,2024,Sexual orientation and gender identity
United Kingdom,GBR,2025,Sexual orientation and gender identity
United States,USA,2015,Sexual orientation and gender identity
United States,USA,2016,Sexual orientation and gender identity
United States,USA,2017,Sexual orientation and gender identity
United States,USA,2018,Sexual orientation and gender identity
United States,USA,2019,Sexual orientation and gender identity
United States,USA,2020,Sexual orientation and gender identity
United States,USA,2021,Sexual orientation and gender identity
United States,USA,2022,Sexual orientation and gender identity
United States,USA,2023,Sexual orientation and gender identity
United States,USA,2024,Sexual orientation and gender identity
United States,USA,2025,Sexual orientation and gender identity
Uruguay,URY,2004,Sexual orientation and gender identity
Uruguay,URY,2005,Sexual orientation and gender identity
Uruguay,URY,2006,Sexual orientation and gender identity
Uruguay,URY,2007,Sexual orientation and gender identity
Uruguay,URY,2008,Sexual orientation and gender identity
Uruguay,URY,2009,Sexual orientation and gender identity
Uruguay,URY,2010,Sexual orientation and gender identity
Uruguay,URY,2011,Sexual orientation and gender identity
Uruguay,URY,2012,Sexual orientation and gender identity
Uruguay,URY,2013,Sexual orientation and gender identity
Uruguay,URY,2014,Sexual orientation and gender identity
Uruguay,URY,2015,Sexual orientation and gender identity
Uruguay,URY,2016,Sexual orientation and gender identity
Uruguay,URY,2017,Sexual orientation and gender identity
Uruguay,URY,2018,Sexual orientation and gender identity
Uruguay,URY,2019,Sexual orientation and gender identity
Uruguay,URY,2020,Sexual orientation and gender identity
Uruguay,URY,2021,Sexual orientation and gender identity
Uruguay,URY,2022,Sexual orientation and gender identity
Uruguay,URY,2023,Sexual orientation and gender identity
Uruguay,URY,2024,Sexual orientation and gender identity
Uruguay,URY,2025,Sexual orientation and gender identity
Uzbekistan,UZB,2025,No protections
Vanuatu,VUT,2025,No protections
Venezuela,VEN,2012,Sexual orientation only
Venezuela,VEN,2013,Sexual orientation only
Venezuela,VEN,2014,Sexual orientation only
Venezuela,VEN,2015,Sexual orientation only
Venezuela,VEN,2016,Sexual orientation only
Venezuela,VEN,2017,Sexual orientation only
Venezuela,VEN,2018,Sexual orientation only
Venezuela,VEN,2019,Sexual orientation only
Venezuela,VEN,2020,Sexual orientation only
Venezuela,VEN,2021,Sexual orientation only
Venezuela,VEN,2022,Sexual orientation only
Venezuela,VEN,2023,Sexual orientation only
Venezuela,VEN,2024,Sexual orientation only
Venezuela,VEN,2025,Sexual orientation only
Vietnam,VNM,2025,No protections
Zambia,ZMB,2025,No protections
Zimbabwe,ZWE,2025,No protections