Entity,Code,Year,Gender-affirming care (historical)
Afghanistan,AFG,2022,Banned
Afghanistan,AFG,2023,Banned
Afghanistan,AFG,2024,Banned
Afghanistan,AFG,2025,Banned
Albania,ALB,2025,Banned
Algeria,DZA,2025,Banned
Andorra,AND,1996,Restricted
Andorra,AND,1997,Restricted
Andorra,AND,1998,Restricted
Andorra,AND,1999,Restricted
Andorra,AND,2000,Restricted
Andorra,AND,2001,Restricted
Andorra,AND,2002,Restricted
Andorra,AND,2003,Restricted
Andorra,AND,2004,Restricted
Andorra,AND,2005,Restricted
Andorra,AND,2006,Restricted
Andorra,AND,2007,Restricted
Andorra,AND,2008,Restricted
Andorra,AND,2009,Restricted
Andorra,AND,2010,Restricted
Andorra,AND,2011,Legal
Andorra,AND,2012,Legal
Andorra,AND,2013,Legal
Andorra,AND,2014,Legal
Andorra,AND,2015,Legal
Andorra,AND,2016,Legal
Andorra,AND,2017,Legal
Andorra,AND,2018,Legal
Andorra,AND,2019,Legal
Andorra,AND,2020,Legal
Andorra,AND,2021,Legal
Andorra,AND,2022,Legal
Andorra,AND,2023,Legal
Andorra,AND,2024,Legal
Andorra,AND,2025,Legal
Angola,AGO,2015,Restricted
Angola,AGO,2016,Restricted
Angola,AGO,2017,Restricted
Angola,AGO,2018,Restricted
Angola,AGO,2019,Restricted
Angola,AGO,2020,Restricted
Angola,AGO,2021,Restricted
Angola,AGO,2022,Restricted
Angola,AGO,2023,Restricted
Angola,AGO,2024,Restricted
Angola,AGO,2025,Restricted
Antigua and Barbuda,ATG,2025,Restricted
Argentina,ARG,2006,Ambiguous
Argentina,ARG,2007,Ambiguous
Argentina,ARG,2008,Ambiguous
Argentina,ARG,2009,Ambiguous
Argentina,ARG,2010,Ambiguous
Argentina,ARG,2011,Ambiguous
Argentina,ARG,2012,Legal
Argentina,ARG,2013,Legal
Argentina,ARG,2014,Legal
Argentina,ARG,2015,Legal
Argentina,ARG,2016,Legal
Argentina,ARG,2017,Legal
Argentina,ARG,2018,Legal
Argentina,ARG,2019,Legal
Argentina,ARG,2020,Legal
Argentina,ARG,2021,Legal
Argentina,ARG,2022,Legal
Argentina,ARG,2023,Legal
Argentina,ARG,2024,Legal
Argentina,ARG,2025,"Legal, but banned for minors"
Armenia,ARM,1983,"Legal, but restricted for minors"
Armenia,ARM,1984,"Legal, but restricted for minors"
Armenia,ARM,1985,"Legal, but restricted for minors"
Armenia,ARM,1986,"Legal, but restricted for minors"
Armenia,ARM,1987,"Legal, but restricted for minors"
Armenia,ARM,1988,"Legal, but restricted for minors"
Armenia,ARM,1989,"Legal, but restricted for minors"
Armenia,ARM,1990,"Legal, but restricted for minors"
Armenia,ARM,1991,"Legal, but restricted for minors"
Armenia,ARM,1992,"Legal, but restricted for minors"
Armenia,ARM,1993,"Legal, but restricted for minors"
Armenia,ARM,1994,"Legal, but restricted for minors"
Armenia,ARM,1995,"Legal, but restricted for minors"
Armenia,ARM,1996,"Legal, but restricted for minors"
Armenia,ARM,1997,"Legal, but restricted for minors"
Armenia,ARM,1998,"Legal, but restricted for minors"
Armenia,ARM,1999,"Legal, but restricted for minors"
Armenia,ARM,2000,"Legal, but restricted for minors"
Armenia,ARM,2001,"Legal, but restricted for minors"
Armenia,ARM,2002,"Legal, but restricted for minors"
Armenia,ARM,2003,"Legal, but restricted for minors"
Armenia,ARM,2004,"Legal, but restricted for minors"
Armenia,ARM,2005,"Legal, but restricted for minors"
Armenia,ARM,2006,Banned
Armenia,ARM,2007,Banned
Armenia,ARM,2008,Banned
Armenia,ARM,2009,Banned
Armenia,ARM,2010,Banned
Armenia,ARM,2011,Banned
Armenia,ARM,2012,Banned
Armenia,ARM,2013,Banned
Armenia,ARM,2014,Banned
Armenia,ARM,2015,Banned
Armenia,ARM,2016,Banned
Armenia,ARM,2017,Banned
Armenia,ARM,2018,Banned
Armenia,ARM,2019,Banned
Armenia,ARM,2020,Banned
Armenia,ARM,2021,Banned
Armenia,ARM,2022,Banned
Armenia,ARM,2023,Banned
Armenia,ARM,2024,Banned
Armenia,ARM,2025,Banned
Australia,AUS,1977,Restricted
Australia,AUS,1978,Restricted
Australia,AUS,1979,Restricted
Australia,AUS,1980,Restricted
Australia,AUS,1981,Restricted
Australia,AUS,1982,Restricted
Australia,AUS,1983,Restricted
Australia,AUS,1984,Restricted
Australia,AUS,1985,Restricted
Australia,AUS,1986,Restricted
Australia,AUS,1987,Restricted
Australia,AUS,1988,Restricted
Australia,AUS,1989,Restricted
Australia,AUS,1990,Restricted
Australia,AUS,1991,Legal
Australia,AUS,1992,Legal
Australia,AUS,1993,Legal
Australia,AUS,1994,Legal
Australia,AUS,1995,Legal
Australia,AUS,1996,Legal
Australia,AUS,1997,Legal
Australia,AUS,1998,Legal
Australia,AUS,1999,Legal
Australia,AUS,2000,Legal
Australia,AUS,2001,Legal
Australia,AUS,2002,Legal
Australia,AUS,2003,Legal
Australia,AUS,2004,Legal
Australia,AUS,2005,Legal
Australia,AUS,2006,Legal
Australia,AUS,2007,Legal
Australia,AUS,2008,Legal
Australia,AUS,2009,Legal
Australia,AUS,2010,Legal
Australia,AUS,2011,Legal
Australia,AUS,2012,Legal
Australia,AUS,2013,Legal
Australia,AUS,2014,Legal
Australia,AUS,2015,Legal
Australia,AUS,2016,Legal
Australia,AUS,2017,Legal
Australia,AUS,2018,Legal
Australia,AUS,2019,Legal
Australia,AUS,2020,Legal
Australia,AUS,2021,Legal
Australia,AUS,2022,Legal
Australia,AUS,2023,Legal
Australia,AUS,2024,Legal
Australia,AUS,2025,Varies by region
Austria,AUT,1974,Restricted
Austria,AUT,1975,Restricted
Austria,AUT,1976,Restricted
Austria,AUT,1977,Restricted
Austria,AUT,1978,Restricted
Austria,AUT,1979,Restricted
Austria,AUT,1980,Legal
Austria,AUT,1981,Legal
Austria,AUT,1982,Legal
Austria,AUT,1983,Legal
Austria,AUT,1984,Legal
Austria,AUT,1985,Legal
Austria,AUT,1986,Legal
Austria,AUT,1987,Legal
Austria,AUT,1988,Legal
Austria,AUT,1989,Legal
Austria,AUT,1990,Legal
Austria,AUT,1991,Legal
Austria,AUT,1992,Legal
Austria,AUT,1993,Legal
Austria,AUT,1994,Legal
Austria,AUT,1995,Legal
Austria,AUT,1996,Legal
Austria,AUT,1997,Legal
Austria,AUT,1998,Legal
Austria,AUT,1999,Legal
Austria,AUT,2000,Legal
Austria,AUT,2001,Legal
Austria,AUT,2002,Legal
Austria,AUT,2003,Legal
Austria,AUT,2004,Legal
Austria,AUT,2005,Legal
Austria,AUT,2006,Legal
Austria,AUT,2007,Legal
Austria,AUT,2008,Legal
Austria,AUT,2009,Legal
Austria,AUT,2010,Legal
Austria,AUT,2011,Legal
Austria,AUT,2012,Legal
Austria,AUT,2013,Legal
Austria,AUT,2014,Legal
Austria,AUT,2015,Legal
Austria,AUT,2016,Legal
Austria,AUT,2017,Legal
Austria,AUT,2018,Legal
Austria,AUT,2019,Legal
Austria,AUT,2020,Legal
Austria,AUT,2021,Legal
Austria,AUT,2022,Legal
Austria,AUT,2023,Legal
Austria,AUT,2024,Legal
Austria,AUT,2025,Legal
Azerbaijan,AZE,2025,Banned
Bahamas,BHS,2025,Legal
Bahrain,BHR,2025,Banned
Bangladesh,BGD,1969,Restricted
Bangladesh,BGD,1970,Restricted
Bangladesh,BGD,1971,Restricted
Bangladesh,BGD,1972,Restricted
Bangladesh,BGD,1973,Restricted
Bangladesh,BGD,1974,Restricted
Bangladesh,BGD,1975,Restricted
Bangladesh,BGD,1976,Restricted
Bangladesh,BGD,1977,Restricted
Bangladesh,BGD,1978,Restricted
Bangladesh,BGD,1979,Restricted
Bangladesh,BGD,1980,Restricted
Bangladesh,BGD,1981,Restricted
Bangladesh,BGD,1982,Restricted
Bangladesh,BGD,1983,Restricted
Bangladesh,BGD,1984,Restricted
Bangladesh,BGD,1985,Restricted
Bangladesh,BGD,1986,Restricted
Bangladesh,BGD,1987,Restricted
Bangladesh,BGD,1988,Restricted
Bangladesh,BGD,1989,Restricted
Bangladesh,BGD,1990,Restricted
Bangladesh,BGD,1991,Restricted
Bangladesh,BGD,1992,Restricted
Bangladesh,BGD,1993,Restricted
Bangladesh,BGD,1994,Restricted
Bangladesh,BGD,1995,Restricted
Bangladesh,BGD,1996,Restricted
Bangladesh,BGD,1997,Restricted
Bangladesh,BGD,1998,Restricted
Bangladesh,BGD,1999,Restricted
Bangladesh,BGD,2000,Restricted
Bangladesh,BGD,2001,Restricted
Bangladesh,BGD,2002,Restricted
Bangladesh,BGD,2003,Restricted
Bangladesh,BGD,2004,Restricted
Bangladesh,BGD,2005,Restricted
Bangladesh,BGD,2006,Restricted
Bangladesh,BGD,2007,Restricted
Bangladesh,BGD,2008,Restricted
Bangladesh,BGD,2009,Restricted
Bangladesh,BGD,2010,Restricted
Bangladesh,BGD,2011,Restricted
Bangladesh,BGD,2012,Restricted
Bangladesh,BGD,2013,Restricted
Bangladesh,BGD,2014,Restricted
Bangladesh,BGD,2015,Restricted
Bangladesh,BGD,2016,Restricted
Bangladesh,BGD,2017,Restricted
Bangladesh,BGD,2018,Restricted
Bangladesh,BGD,2019,Restricted
Bangladesh,BGD,2020,Restricted
Bangladesh,BGD,2021,Restricted
Bangladesh,BGD,2022,Restricted
Bangladesh,BGD,2023,Restricted
Bangladesh,BGD,2024,Restricted
Bangladesh,BGD,2025,Restricted
Barbados,BRB,2025,Banned
Belarus,BLR,1950,Restricted
Belarus,BLR,1951,Restricted
Belarus,BLR,1952,Restricted
Belarus,BLR,1953,Restricted
Belarus,BLR,1954,Restricted
Belarus,BLR,1955,Restricted
Belarus,BLR,1956,Restricted
Belarus,BLR,1957,Restricted
Belarus,BLR,1958,Restricted
Belarus,BLR,1959,Restricted
Belarus,BLR,1960,Restricted
Belarus,BLR,1961,Restricted
Belarus,BLR,1962,Restricted
Belarus,BLR,1963,Restricted
Belarus,BLR,1964,Restricted
Belarus,BLR,1965,Restricted
Belarus,BLR,1966,Restricted
Belarus,BLR,1967,Restricted
Belarus,BLR,1968,Restricted
Belarus,BLR,1969,Restricted
Belarus,BLR,1970,Restricted
Belarus,BLR,1971,Restricted
Belarus,BLR,1972,Restricted
Belarus,BLR,1973,Restricted
Belarus,BLR,1974,Restricted
Belarus,BLR,1975,Restricted
Belarus,BLR,1976,Restricted
Belarus,BLR,1977,Restricted
Belarus,BLR,1978,Restricted
Belarus,BLR,1979,Restricted
Belarus,BLR,1980,Restricted
Belarus,BLR,1981,Restricted
Belarus,BLR,1982,Restricted
Belarus,BLR,1983,Restricted
Belarus,BLR,1984,Restricted
Belarus,BLR,1985,Restricted
Belarus,BLR,1986,Restricted
Belarus,BLR,1987,Restricted
Belarus,BLR,1988,Restricted
Belarus,BLR,1989,Restricted
Belarus,BLR,1990,Restricted
Belarus,BLR,1991,Restricted
Belarus,BLR,1992,Restricted
Belarus,BLR,1993,Restricted
Belarus,BLR,1994,Restricted
Belarus,BLR,1995,Restricted
Belarus,BLR,1996,Restricted
Belarus,BLR,1997,Restricted
Belarus,BLR,1998,Restricted
Belarus,BLR,1999,Restricted
Belarus,BLR,2000,Restricted
Belarus,BLR,2001,Restricted
Belarus,BLR,2002,Restricted
Belarus,BLR,2003,Restricted
Belarus,BLR,2004,Restricted
Belarus,BLR,2005,Restricted
Belarus,BLR,2006,Restricted
Belarus,BLR,2007,Restricted
Belarus,BLR,2008,Restricted
Belarus,BLR,2009,Restricted
Belarus,BLR,2010,Restricted
Belarus,BLR,2011,Restricted
Belarus,BLR,2012,Restricted
Belarus,BLR,2013,Restricted
Belarus,BLR,2014,Restricted
Belarus,BLR,2015,Restricted
Belarus,BLR,2016,Restricted
Belarus,BLR,2017,Restricted
Belarus,BLR,2018,Restricted
Belarus,BLR,2019,Restricted
Belarus,BLR,2020,Restricted
Belarus,BLR,2021,Restricted
Belarus,BLR,2022,Restricted
Belarus,BLR,2023,Restricted
Belarus,BLR,2024,Restricted
Belarus,BLR,2025,Restricted
Belgium,BEL,1975,Restricted
Belgium,BEL,1976,Restricted
Belgium,BEL,1977,Restricted
Belgium,BEL,1978,Restricted
Belgium,BEL,1979,Legal
Belgium,BEL,1980,Legal
Belgium,BEL,1981,Legal
Belgium,BEL,1982,Legal
Belgium,BEL,1983,Legal
Belgium,BEL,1984,Legal
Belgium,BEL,1985,Legal
Belgium,BEL,1986,Legal
Belgium,BEL,1987,Legal
Belgium,BEL,1988,Legal
Belgium,BEL,1989,Legal
Belgium,BEL,1990,Legal
Belgium,BEL,1991,Legal
Belgium,BEL,1992,Legal
Belgium,BEL,1993,Legal
Belgium,BEL,1994,Legal
Belgium,BEL,1995,Legal
Belgium,BEL,1996,Legal
Belgium,BEL,1997,Legal
Belgium,BEL,1998,Legal
Belgium,BEL,1999,Legal
Belgium,BEL,2000,Legal
Belgium,BEL,2001,Legal
Belgium,BEL,2002,Legal
Belgium,BEL,2003,Legal
Belgium,BEL,2004,Legal
Belgium,BEL,2005,Legal
Belgium,BEL,2006,Legal
Belgium,BEL,2007,Legal
Belgium,BEL,2008,Legal
Belgium,BEL,2009,Legal
Belgium,BEL,2010,Legal
Belgium,BEL,2011,Legal
Belgium,BEL,2012,Legal
Belgium,BEL,2013,Legal
Belgium,BEL,2014,Legal
Belgium,BEL,2015,Legal
Belgium,BEL,2016,Legal
Belgium,BEL,2017,Legal
Belgium,BEL,2018,Legal
Belgium,BEL,2019,Legal
Belgium,BEL,2020,Legal
Belgium,BEL,2021,Legal
Belgium,BEL,2022,Legal
Belgium,BEL,2023,Legal
Belgium,BEL,2024,Legal
Belgium,BEL,2025,Legal
Benin,BEN,2025,Restricted
Bhutan,BTN,2025,Restricted
Bolivia,BOL,2025,Legal
Bosnia and Herzegovina,BIH,1977,Restricted
Bosnia and Herzegovina,BIH,1978,Restricted
Bosnia and Herzegovina,BIH,1979,Restricted
Bosnia and Herzegovina,BIH,1980,Restricted
Bosnia and Herzegovina,BIH,1981,Restricted
Bosnia and Herzegovina,BIH,1982,Restricted
Bosnia and Herzegovina,BIH,1983,Restricted
Bosnia and Herzegovina,BIH,1984,Restricted
Bosnia and Herzegovina,BIH,1985,Restricted
Bosnia and Herzegovina,BIH,1986,Restricted
Bosnia and Herzegovina,BIH,1987,Restricted
Bosnia and Herzegovina,BIH,1988,Restricted
Bosnia and Herzegovina,BIH,1989,Restricted
Bosnia and Herzegovina,BIH,1990,Restricted
Bosnia and Herzegovina,BIH,1991,Restricted
Bosnia and Herzegovina,BIH,1992,Restricted
Bosnia and Herzegovina,BIH,1993,Restricted
Bosnia and Herzegovina,BIH,1994,Restricted
Bosnia and Herzegovina,BIH,1995,Restricted
Bosnia and Herzegovina,BIH,1996,Restricted
Bosnia and Herzegovina,BIH,1997,Restricted
Bosnia and Herzegovina,BIH,1998,Restricted
Bosnia and Herzegovina,BIH,1999,Restricted
Bosnia and Herzegovina,BIH,2000,Restricted
Bosnia and Herzegovina,BIH,2001,Restricted
Bosnia and Herzegovina,BIH,2002,Restricted
Bosnia and Herzegovina,BIH,2003,Restricted
Bosnia and Herzegovina,BIH,2004,Restricted
Bosnia and Herzegovina,BIH,2005,Restricted
Bosnia and Herzegovina,BIH,2006,Restricted
Bosnia and Herzegovina,BIH,2007,Restricted
Bosnia and Herzegovina,BIH,2008,Restricted
Bosnia and Herzegovina,BIH,2009,Restricted
Bosnia and Herzegovina,BIH,2010,Restricted
Bosnia and Herzegovina,BIH,2011,Restricted
Bosnia and Herzegovina,BIH,2012,Restricted
Bosnia and Herzegovina,BIH,2013,Restricted
Bosnia and Herzegovina,BIH,2014,Restricted
Bosnia and Herzegovina,BIH,2015,Restricted
Bosnia and Herzegovina,BIH,2016,Restricted
Bosnia and Herzegovina,BIH,2017,Restricted
Bosnia and Herzegovina,BIH,2018,Restricted
Bosnia and Herzegovina,BIH,2019,Restricted
Bosnia and Herzegovina,BIH,2020,Restricted
Bosnia and Herzegovina,BIH,2021,Restricted
Bosnia and Herzegovina,BIH,2022,Restricted
Bosnia and Herzegovina,BIH,2023,Restricted
Bosnia and Herzegovina,BIH,2024,Restricted
Bosnia and Herzegovina,BIH,2025,Restricted
Botswana,BWA,1985,Restricted
Botswana,BWA,1986,Restricted
Botswana,BWA,1987,Restricted
Botswana,BWA,1988,Restricted
Botswana,BWA,1989,Restricted
Botswana,BWA,1990,Restricted
Botswana,BWA,1991,Restricted
Botswana,BWA,1992,Restricted
Botswana,BWA,1993,Restricted
Botswana,BWA,1994,Restricted
Botswana,BWA,1995,Restricted
Botswana,BWA,1996,Restricted
Botswana,BWA,1997,Restricted
Botswana,BWA,1998,Restricted
Botswana,BWA,1999,Restricted
Botswana,BWA,2000,Restricted
Botswana,BWA,2001,Restricted
Botswana,BWA,2002,Restricted
Botswana,BWA,2003,Restricted
Botswana,BWA,2004,Restricted
Botswana,BWA,2005,Restricted
Botswana,BWA,2006,Restricted
Botswana,BWA,2007,Restricted
Botswana,BWA,2008,Restricted
Botswana,BWA,2009,Restricted
Botswana,BWA,2010,Restricted
Botswana,BWA,2011,Restricted
Botswana,BWA,2012,Restricted
Botswana,BWA,2013,Restricted
Botswana,BWA,2014,Restricted
Botswana,BWA,2015,Restricted
Botswana,BWA,2016,Restricted
Botswana,BWA,2017,Legal
Botswana,BWA,2018,Legal
Botswana,BWA,2019,Legal
Botswana,BWA,2020,Legal
Botswana,BWA,2021,Legal
Botswana,BWA,2022,Legal
Botswana,BWA,2023,Legal
Botswana,BWA,2024,Legal
Botswana,BWA,2025,Legal
Brazil,BRA,2020,Legal
Brazil,BRA,2021,Legal
Brazil,BRA,2022,Legal
Brazil,BRA,2023,Legal
Brazil,BRA,2024,Legal
Brazil,BRA,2025,Legal
Brunei,BRN,2025,Banned
Bulgaria,BGR,2025,Legal
Burkina Faso,BFA,2025,Banned
Burundi,BDI,2025,Restricted
Cambodia,KHM,2015,Legal
Cambodia,KHM,2016,Legal
Cambodia,KHM,2017,Legal
Cambodia,KHM,2018,Legal
Cambodia,KHM,2019,Legal
Cambodia,KHM,2020,Legal
Cambodia,KHM,2021,Legal
Cambodia,KHM,2022,Legal
Cambodia,KHM,2023,Legal
Cambodia,KHM,2024,Legal
Cambodia,KHM,2025,Legal
Cameroon,CMR,2025,Banned
Canada,CAN,2000,Legal
Canada,CAN,2001,Legal
Canada,CAN,2002,Legal
Canada,CAN,2003,Legal
Canada,CAN,2004,Legal
Canada,CAN,2005,Legal
Canada,CAN,2006,Legal
Canada,CAN,2007,Legal
Canada,CAN,2008,Legal
Canada,CAN,2009,Legal
Canada,CAN,2010,Legal
Canada,CAN,2011,Legal
Canada,CAN,2012,Legal
Canada,CAN,2013,Legal
Canada,CAN,2014,Legal
Canada,CAN,2015,Legal
Canada,CAN,2016,Legal
Canada,CAN,2017,Legal
Canada,CAN,2018,Legal
Canada,CAN,2019,Legal
Canada,CAN,2020,Legal
Canada,CAN,2021,Legal
Canada,CAN,2022,Legal
Canada,CAN,2023,Legal
Canada,CAN,2024,Varies by region
Canada,CAN,2025,Varies by region
Central African Republic,CAF,2025,Banned
Chad,TCD,2025,Banned
Chile,CHL,1973,Restricted
Chile,CHL,1974,Restricted
Chile,CHL,1975,Restricted
Chile,CHL,1976,Restricted
Chile,CHL,1977,Restricted
Chile,CHL,1978,Restricted
Chile,CHL,1979,Restricted
Chile,CHL,2023,Legal
Chile,CHL,2024,Legal
Chile,CHL,2025,Legal
China,CHN,2025,Restricted
Colombia,COL,2025,Legal
Congo,COG,2025,Legal
Costa Rica,CRI,2017,Legal
Costa Rica,CRI,2018,Legal
Costa Rica,CRI,2019,Legal
Costa Rica,CRI,2020,Legal
Costa Rica,CRI,2021,Legal
Costa Rica,CRI,2022,Legal
Costa Rica,CRI,2023,Legal
Costa Rica,CRI,2024,Legal
Costa Rica,CRI,2025,Legal
Cote d'Ivoire,CIV,2025,Restricted
Croatia,HRV,1977,Restricted
Croatia,HRV,1978,Restricted
Croatia,HRV,1979,Legal
Croatia,HRV,1980,Legal
Croatia,HRV,1981,Legal
Croatia,HRV,1982,Legal
Croatia,HRV,1983,Legal
Croatia,HRV,1984,Legal
Croatia,HRV,1985,Legal
Croatia,HRV,1986,Legal
Croatia,HRV,1987,Legal
Croatia,HRV,1988,Legal
Croatia,HRV,1989,Legal
Croatia,HRV,1990,Legal
Croatia,HRV,1991,Legal
Croatia,HRV,1992,Legal
Croatia,HRV,1993,Legal
Croatia,HRV,1994,Legal
Croatia,HRV,1995,Legal
Croatia,HRV,1996,Legal
Croatia,HRV,1997,Legal
Croatia,HRV,1998,Legal
Croatia,HRV,1999,Legal
Croatia,HRV,2000,Legal
Croatia,HRV,2001,Legal
Croatia,HRV,2002,Legal
Croatia,HRV,2003,Legal
Croatia,HRV,2004,Legal
Croatia,HRV,2005,Legal
Croatia,HRV,2006,Legal
Croatia,HRV,2007,Legal
Croatia,HRV,2008,Legal
Croatia,HRV,2009,Legal
Croatia,HRV,2010,Legal
Croatia,HRV,2011,Legal
Croatia,HRV,2012,Legal
Croatia,HRV,2013,Legal
Croatia,HRV,2014,Legal
Croatia,HRV,2015,Legal
Croatia,HRV,2016,Legal
Croatia,HRV,2017,Legal
Croatia,HRV,2018,Legal
Croatia,HRV,2019,Legal
Croatia,HRV,2020,Legal
Croatia,HRV,2021,Legal
Croatia,HRV,2022,Legal
Croatia,HRV,2023,Legal
Croatia,HRV,2024,Legal
Croatia,HRV,2025,Legal
Cuba,CUB,2008,Legal
Cuba,CUB,2009,Legal
Cuba,CUB,2010,Legal
Cuba,CUB,2011,Legal
Cuba,CUB,2012,Legal
Cuba,CUB,2013,Legal
Cuba,CUB,2014,Legal
Cuba,CUB,2015,Legal
Cuba,CUB,2016,Legal
Cuba,CUB,2017,Legal
Cuba,CUB,2018,Legal
Cuba,CUB,2019,Legal
Cuba,CUB,2020,Legal
Cuba,CUB,2021,Legal
Cuba,CUB,2022,Legal
Cuba,CUB,2023,Legal
Cuba,CUB,2024,Legal
Cuba,CUB,2025,Legal
Cyprus,CYP,2025,Varies by region
Czechia,CZE,1971,Legal
Czechia,CZE,1972,Legal
Czechia,CZE,1973,Legal
Czechia,CZE,1974,Legal
Czechia,CZE,1975,Legal
Czechia,CZE,1976,Legal
Czechia,CZE,1977,Legal
Czechia,CZE,1978,Legal
Czechia,CZE,1979,Legal
Czechia,CZE,1980,Legal
Czechia,CZE,1981,Legal
Czechia,CZE,1982,Legal
Czechia,CZE,1983,Legal
Czechia,CZE,1984,Legal
Czechia,CZE,1985,Legal
Czechia,CZE,1986,Legal
Czechia,CZE,1987,Legal
Czechia,CZE,1988,Legal
Czechia,CZE,1989,Legal
Czechia,CZE,1990,Legal
Czechia,CZE,1991,Legal
Czechia,CZE,1992,Legal
Czechia,CZE,1993,Legal
Czechia,CZE,1994,Legal
Czechia,CZE,1995,Legal
Czechia,CZE,1996,Legal
Czechia,CZE,1997,Legal
Czechia,CZE,1998,Legal
Czechia,CZE,1999,Legal
Czechia,CZE,2000,Legal
Czechia,CZE,2001,Legal
Czechia,CZE,2002,Legal
Czechia,CZE,2003,Legal
Czechia,CZE,2004,Legal
Czechia,CZE,2005,Legal
Czechia,CZE,2006,Legal
Czechia,CZE,2007,Legal
Czechia,CZE,2008,Legal
Czechia,CZE,2009,Legal
Czechia,CZE,2010,Legal
Czechia,CZE,2011,Legal
Czechia,CZE,2012,Legal
Czechia,CZE,2013,Legal
Czechia,CZE,2014,Legal
Czechia,CZE,2015,Legal
Czechia,CZE,2016,Legal
Czechia,CZE,2017,Legal
Czechia,CZE,2018,Legal
Czechia,CZE,2019,Legal
Czechia,CZE,2020,Legal
Czechia,CZE,2021,Legal
Czechia,CZE,2022,Legal
Czechia,CZE,2023,Legal
Czechia,CZE,2024,Legal
Czechia,CZE,2025,Legal
Democratic Republic of Congo,COD,2025,Restricted
Denmark,DNK,1950,Restricted
Denmark,DNK,1951,Restricted
Denmark,DNK,1952,Restricted
Denmark,DNK,1953,Restricted
Denmark,DNK,1954,Restricted
Denmark,DNK,1955,Restricted
Denmark,DNK,1956,Restricted
Denmark,DNK,1957,Restricted
Denmark,DNK,1958,Restricted
Denmark,DNK,1959,Restricted
Denmark,DNK,1960,Restricted
Denmark,DNK,1961,Restricted
Denmark,DNK,1962,Restricted
Denmark,DNK,1963,Restricted
Denmark,DNK,1964,Restricted
Denmark,DNK,1965,Restricted
Denmark,DNK,1966,Restricted
Denmark,DNK,1967,Restricted
Denmark,DNK,1968,Restricted
Denmark,DNK,1969,Restricted
Denmark,DNK,1970,Restricted
Denmark,DNK,1971,Restricted
Denmark,DNK,1972,Restricted
Denmark,DNK,1973,Restricted
Denmark,DNK,1974,Restricted
Denmark,DNK,1975,Restricted
Denmark,DNK,1976,Restricted
Denmark,DNK,1977,Restricted
Denmark,DNK,1978,Restricted
Denmark,DNK,1979,Restricted
Denmark,DNK,1980,Restricted
Denmark,DNK,1981,Restricted
Denmark,DNK,1982,Restricted
Denmark,DNK,1983,Restricted
Denmark,DNK,1984,Restricted
Denmark,DNK,1985,Restricted
Denmark,DNK,1986,Restricted
Denmark,DNK,1987,Restricted
Denmark,DNK,1988,Restricted
Denmark,DNK,1989,Restricted
Denmark,DNK,1990,Restricted
Denmark,DNK,1991,Restricted
Denmark,DNK,1992,Restricted
Denmark,DNK,1993,Restricted
Denmark,DNK,2016,Legal
Denmark,DNK,2017,Legal
Denmark,DNK,2018,Legal
Denmark,DNK,2019,Legal
Denmark,DNK,2020,Legal
Denmark,DNK,2021,Legal
Denmark,DNK,2022,Legal
Denmark,DNK,2023,Legal
Denmark,DNK,2024,Legal
Denmark,DNK,2025,Legal
Djibouti,DJI,2025,Banned
East Timor,TLS,2025,Restricted
Ecuador,ECU,2025,Legal
Egypt,EGY,2003,Banned
Egypt,EGY,2004,Banned
Egypt,EGY,2005,Banned
Egypt,EGY,2006,Banned
Egypt,EGY,2007,Banned
Egypt,EGY,2008,Banned
Egypt,EGY,2009,Banned
Egypt,EGY,2010,Banned
Egypt,EGY,2011,Banned
Egypt,EGY,2012,Banned
Egypt,EGY,2013,Banned
Egypt,EGY,2014,Banned
Egypt,EGY,2015,Banned
Egypt,EGY,2016,Banned
Egypt,EGY,2017,Banned
Egypt,EGY,2018,Banned
Egypt,EGY,2019,Banned
Egypt,EGY,2020,Banned
Egypt,EGY,2021,Banned
Egypt,EGY,2022,Banned
Egypt,EGY,2023,Banned
Egypt,EGY,2024,Banned
Egypt,EGY,2025,Banned
El Salvador,SLV,2025,Banned
Equatorial Guinea,GNQ,2025,Restricted
Estonia,EST,1950,Restricted
Estonia,EST,1951,Restricted
Estonia,EST,1952,Restricted
Estonia,EST,1953,Restricted
Estonia,EST,1954,Restricted
Estonia,EST,1955,Restricted
Estonia,EST,1956,Restricted
Estonia,EST,1957,Restricted
Estonia,EST,1958,Restricted
Estonia,EST,1959,Restricted
Estonia,EST,1960,Restricted
Estonia,EST,1961,Restricted
Estonia,EST,1962,Restricted
Estonia,EST,1963,Restricted
Estonia,EST,1964,Restricted
Estonia,EST,1965,Restricted
Estonia,EST,1966,Restricted
Estonia,EST,1967,Restricted
Estonia,EST,1968,Restricted
Estonia,EST,1969,Restricted
Estonia,EST,1970,Restricted
Estonia,EST,1971,Restricted
Estonia,EST,1972,Restricted
Estonia,EST,1973,Restricted
Estonia,EST,1974,Restricted
Estonia,EST,1975,Restricted
Estonia,EST,1976,Restricted
Estonia,EST,1977,Restricted
Estonia,EST,1978,Restricted
Estonia,EST,1979,Restricted
Estonia,EST,1980,Restricted
Estonia,EST,1981,Restricted
Estonia,EST,1982,Restricted
Estonia,EST,1983,"Legal, but restricted for minors"
Estonia,EST,1984,"Legal, but restricted for minors"
Estonia,EST,1985,"Legal, but restricted for minors"
Estonia,EST,1986,"Legal, but restricted for minors"
Estonia,EST,1987,"Legal, but restricted for minors"
Estonia,EST,1988,"Legal, but restricted for minors"
Estonia,EST,1989,"Legal, but restricted for minors"
Estonia,EST,1990,"Legal, but restricted for minors"
Estonia,EST,1991,"Legal, but restricted for minors"
Estonia,EST,1992,"Legal, but restricted for minors"
Estonia,EST,1993,"Legal, but restricted for minors"
Estonia,EST,1994,"Legal, but restricted for minors"
Estonia,EST,1995,"Legal, but restricted for minors"
Estonia,EST,1996,"Legal, but restricted for minors"
Estonia,EST,1997,"Legal, but restricted for minors"
Estonia,EST,1998,"Legal, but restricted for minors"
Estonia,EST,1999,Legal
Estonia,EST,2000,Legal
Estonia,EST,2001,Legal
Estonia,EST,2002,Legal
Estonia,EST,2003,Legal
Estonia,EST,2004,Legal
Estonia,EST,2005,Legal
Estonia,EST,2006,Legal
Estonia,EST,2007,Legal
Estonia,EST,2008,Legal
Estonia,EST,2009,Legal
Estonia,EST,2010,Legal
Estonia,EST,2011,Legal
Estonia,EST,2012,Legal
Estonia,EST,2013,Legal
Estonia,EST,2014,Legal
Estonia,EST,2015,Legal
Estonia,EST,2016,Legal
Estonia,EST,2017,Legal
Estonia,EST,2018,Legal
Estonia,EST,2019,Legal
Estonia,EST,2020,Legal
Estonia,EST,2021,Legal
Estonia,EST,2022,Legal
Estonia,EST,2023,Legal
Estonia,EST,2024,Legal
Estonia,EST,2025,Legal
Eswatini,SWZ,2016,Legal
Eswatini,SWZ,2017,Legal
Eswatini,SWZ,2018,Legal
Eswatini,SWZ,2019,Legal
Eswatini,SWZ,2020,Legal
Eswatini,SWZ,2021,Legal
Eswatini,SWZ,2022,Legal
Eswatini,SWZ,2023,Legal
Eswatini,SWZ,2024,Legal
Eswatini,SWZ,2025,Legal
Ethiopia,ETH,2025,Restricted
Fiji,FJI,1974,Restricted
Fiji,FJI,1975,Restricted
Fiji,FJI,1976,Restricted
Fiji,FJI,1977,Restricted
Fiji,FJI,1978,Restricted
Fiji,FJI,1979,Restricted
Fiji,FJI,1980,Restricted
Fiji,FJI,1981,Restricted
Fiji,FJI,1982,Restricted
Fiji,FJI,1983,Restricted
Fiji,FJI,1984,Restricted
Fiji,FJI,1985,Restricted
Fiji,FJI,1986,Restricted
Fiji,FJI,1987,Restricted
Fiji,FJI,1988,Restricted
Fiji,FJI,1989,Restricted
Fiji,FJI,1990,Restricted
Fiji,FJI,1991,Restricted
Fiji,FJI,1992,Restricted
Fiji,FJI,1993,Restricted
Fiji,FJI,1994,Restricted
Fiji,FJI,1995,Restricted
Fiji,FJI,1996,Restricted
Fiji,FJI,1997,Restricted
Fiji,FJI,1998,Restricted
Fiji,FJI,1999,Restricted
Fiji,FJI,2000,Restricted
Fiji,FJI,2001,Restricted
Fiji,FJI,2002,Restricted
Fiji,FJI,2003,Restricted
Fiji,FJI,2004,Restricted
Fiji,FJI,2005,Restricted
Fiji,FJI,2006,Restricted
Fiji,FJI,2007,Restricted
Fiji,FJI,2008,Restricted
Fiji,FJI,2009,Restricted
Fiji,FJI,2010,Restricted
Fiji,FJI,2011,Restricted
Fiji,FJI,2012,Restricted
Fiji,FJI,2013,Restricted
Fiji,FJI,2014,Restricted
Fiji,FJI,2015,Restricted
Fiji,FJI,2016,Restricted
Fiji,FJI,2017,Restricted
Fiji,FJI,2018,Restricted
Fiji,FJI,2019,Restricted
Fiji,FJI,2020,Restricted
Fiji,FJI,2021,Restricted
Fiji,FJI,2022,Restricted
Fiji,FJI,2023,Restricted
Fiji,FJI,2024,Restricted
Fiji,FJI,2025,Restricted
Finland,FIN,1996,Legal
Finland,FIN,1997,Legal
Finland,FIN,1998,Legal
Finland,FIN,1999,Legal
Finland,FIN,2000,Legal
Finland,FIN,2001,Legal
Finland,FIN,2002,Legal
Finland,FIN,2003,Legal
Finland,FIN,2004,Legal
Finland,FIN,2005,Legal
Finland,FIN,2006,Legal
Finland,FIN,2007,Legal
Finland,FIN,2008,Legal
Finland,FIN,2009,Legal
Finland,FIN,2010,Legal
Finland,FIN,2011,Legal
Finland,FIN,2012,Legal
Finland,FIN,2013,Legal
Finland,FIN,2014,Legal
Finland,FIN,2015,Legal
Finland,FIN,2016,Legal
Finland,FIN,2017,Legal
Finland,FIN,2018,Legal
Finland,FIN,2019,Legal
Finland,FIN,2020,"Legal, but restricted for minors"
Finland,FIN,2021,"Legal, but restricted for minors"
Finland,FIN,2022,"Legal, but restricted for minors"
Finland,FIN,2023,"Legal, but restricted for minors"
Finland,FIN,2024,"Legal, but restricted for minors"
Finland,FIN,2025,"Legal, but restricted for minors"
France,FRA,1950,Restricted
France,FRA,1951,Restricted
France,FRA,1952,Restricted
France,FRA,1953,Restricted
France,FRA,1954,Restricted
France,FRA,1955,Restricted
France,FRA,1956,Restricted
France,FRA,1957,Restricted
France,FRA,1958,Restricted
France,FRA,1959,Restricted
France,FRA,1960,Restricted
France,FRA,1961,Restricted
France,FRA,1962,Restricted
France,FRA,1963,Restricted
France,FRA,1964,Restricted
France,FRA,1965,Restricted
France,FRA,1966,Restricted
France,FRA,1967,Restricted
France,FRA,1968,Restricted
France,FRA,1969,Restricted
France,FRA,1970,Restricted
France,FRA,1971,Restricted
France,FRA,1972,Restricted
France,FRA,1973,Restricted
France,FRA,1974,Restricted
France,FRA,1975,Legal
France,FRA,1976,Legal
France,FRA,1977,Legal
France,FRA,1978,Legal
France,FRA,1979,Legal
France,FRA,1980,Legal
France,FRA,1981,Legal
France,FRA,1982,Legal
France,FRA,1983,Legal
France,FRA,1984,Legal
France,FRA,1985,Legal
France,FRA,1986,Legal
France,FRA,1987,Legal
France,FRA,1988,Legal
France,FRA,1989,Legal
France,FRA,1990,Legal
France,FRA,1991,Legal
France,FRA,1992,Legal
France,FRA,1993,Legal
France,FRA,1994,Legal
France,FRA,1995,Legal
France,FRA,1996,Legal
France,FRA,1997,Legal
France,FRA,1998,Legal
France,FRA,1999,Legal
France,FRA,2000,Legal
France,FRA,2001,Legal
France,FRA,2002,Legal
France,FRA,2003,Legal
France,FRA,2004,Legal
France,FRA,2005,Legal
France,FRA,2006,Legal
France,FRA,2007,Legal
France,FRA,2008,Legal
France,FRA,2009,Legal
France,FRA,2010,Legal
France,FRA,2011,Legal
France,FRA,2012,Legal
France,FRA,2013,Legal
France,FRA,2014,Legal
France,FRA,2015,Legal
France,FRA,2016,Legal
France,FRA,2017,Legal
France,FRA,2018,Legal
France,FRA,2019,Legal
France,FRA,2020,Legal
France,FRA,2021,Legal
France,FRA,2022,Legal
France,FRA,2023,Legal
France,FRA,2024,Legal
France,FRA,2025,Legal
Gabon,GAB,2025,Ambiguous
Georgia,GEO,1950,Restricted
Georgia,GEO,1951,Restricted
Georgia,GEO,1952,Restricted
Georgia,GEO,1953,Restricted
Georgia,GEO,1954,Restricted
Georgia,GEO,1955,Restricted
Georgia,GEO,1956,Restricted
Georgia,GEO,1957,Restricted
Georgia,GEO,1958,Restricted
Georgia,GEO,1959,Restricted
Georgia,GEO,1960,Restricted
Georgia,GEO,1961,Restricted
Georgia,GEO,1962,Restricted
Georgia,GEO,1963,Restricted
Georgia,GEO,1964,Restricted
Georgia,GEO,1965,Restricted
Georgia,GEO,1966,Restricted
Georgia,GEO,1967,Restricted
Georgia,GEO,1968,Restricted
Georgia,GEO,1969,Restricted
Georgia,GEO,1970,Restricted
Georgia,GEO,1971,Restricted
Georgia,GEO,1972,Restricted
Georgia,GEO,1973,Restricted
Georgia,GEO,1974,Restricted
Georgia,GEO,1975,Restricted
Georgia,GEO,1976,Restricted
Georgia,GEO,1977,Restricted
Georgia,GEO,1978,Restricted
Georgia,GEO,1979,Restricted
Georgia,GEO,1980,Restricted
Georgia,GEO,1981,Restricted
Georgia,GEO,1982,Restricted
Georgia,GEO,1983,"Legal, but restricted for minors"
Georgia,GEO,1984,"Legal, but restricted for minors"
Georgia,GEO,1985,"Legal, but restricted for minors"
Georgia,GEO,1986,"Legal, but restricted for minors"
Georgia,GEO,1987,"Legal, but restricted for minors"
Georgia,GEO,1988,"Legal, but restricted for minors"
Georgia,GEO,1989,"Legal, but restricted for minors"
Georgia,GEO,1990,"Legal, but restricted for minors"
Georgia,GEO,1991,"Legal, but restricted for minors"
Georgia,GEO,1992,"Legal, but restricted for minors"
Georgia,GEO,1993,"Legal, but restricted for minors"
Georgia,GEO,1994,"Legal, but restricted for minors"
Georgia,GEO,1995,"Legal, but restricted for minors"
Georgia,GEO,1996,"Legal, but restricted for minors"
Georgia,GEO,1997,"Legal, but restricted for minors"
Georgia,GEO,2024,Banned
Georgia,GEO,2025,Banned
Germany,DEU,1950,Legal
Germany,DEU,1951,Legal
Germany,DEU,1952,Legal
Germany,DEU,1953,Legal
Germany,DEU,1954,Legal
Germany,DEU,1955,Legal
Germany,DEU,1956,Legal
Germany,DEU,1957,Legal
Germany,DEU,1958,Legal
Germany,DEU,1959,Legal
Germany,DEU,1960,Legal
Germany,DEU,1961,Legal
Germany,DEU,1962,Legal
Germany,DEU,1963,Legal
Germany,DEU,1964,Legal
Germany,DEU,1965,Legal
Germany,DEU,1966,Legal
Germany,DEU,1967,Legal
Germany,DEU,1968,Legal
Germany,DEU,1969,Legal
Germany,DEU,1970,Legal
Germany,DEU,1971,Legal
Germany,DEU,1972,Legal
Germany,DEU,1973,Legal
Germany,DEU,1974,Legal
Germany,DEU,1975,Legal
Germany,DEU,1976,Legal
Germany,DEU,1977,Legal
Germany,DEU,1978,Legal
Germany,DEU,1979,Legal
Germany,DEU,1980,Legal
Germany,DEU,1981,Legal
Germany,DEU,1982,Legal
Germany,DEU,1983,Legal
Germany,DEU,1984,Legal
Germany,DEU,1985,Legal
Germany,DEU,1986,Legal
Germany,DEU,1987,Legal
Germany,DEU,1988,Legal
Germany,DEU,1989,Legal
Germany,DEU,1990,Legal
Germany,DEU,1991,Legal
Germany,DEU,1992,Legal
Germany,DEU,1993,Legal
Germany,DEU,1994,Legal
Germany,DEU,1995,Legal
Germany,DEU,1996,Legal
Germany,DEU,1997,Legal
Germany,DEU,1998,Legal
Germany,DEU,1999,Legal
Germany,DEU,2000,Legal
Germany,DEU,2001,Legal
Germany,DEU,2002,Legal
Germany,DEU,2003,Legal
Germany,DEU,2004,Legal
Germany,DEU,2005,Legal
Germany,DEU,2006,Legal
Germany,DEU,2007,Legal
Germany,DEU,2008,Legal
Germany,DEU,2009,Legal
Germany,DEU,2010,Legal
Germany,DEU,2011,Legal
Germany,DEU,2012,Legal
Germany,DEU,2013,Legal
Germany,DEU,2014,Legal
Germany,DEU,2015,Legal
Germany,DEU,2016,Legal
Germany,DEU,2017,Legal
Germany,DEU,2018,Legal
Germany,DEU,2019,Legal
Germany,DEU,2020,Legal
Germany,DEU,2021,Legal
Germany,DEU,2022,Legal
Germany,DEU,2023,Legal
Germany,DEU,2024,Legal
Germany,DEU,2025,Legal
Ghana,GHA,1996,Restricted
Ghana,GHA,1997,Restricted
Ghana,GHA,1998,Restricted
Ghana,GHA,1999,Restricted
Ghana,GHA,2000,Restricted
Ghana,GHA,2001,Restricted
Ghana,GHA,2002,Restricted
Ghana,GHA,2003,Restricted
Ghana,GHA,2004,Restricted
Ghana,GHA,2005,Restricted
Ghana,GHA,2006,Restricted
Ghana,GHA,2007,Restricted
Ghana,GHA,2008,Restricted
Ghana,GHA,2009,Restricted
Ghana,GHA,2010,Restricted
Ghana,GHA,2011,Restricted
Ghana,GHA,2012,Restricted
Ghana,GHA,2013,Restricted
Ghana,GHA,2014,Restricted
Ghana,GHA,2015,Restricted
Ghana,GHA,2016,Restricted
Ghana,GHA,2017,Restricted
Ghana,GHA,2018,Restricted
Ghana,GHA,2019,Restricted
Ghana,GHA,2020,Restricted
Ghana,GHA,2021,Restricted
Ghana,GHA,2022,Restricted
Ghana,GHA,2023,Restricted
Ghana,GHA,2024,Restricted
Ghana,GHA,2025,Restricted
Greece,GRC,2025,Legal
Guatemala,GTM,2025,Legal
Guinea,GIN,2025,Restricted
Guyana,GUY,2025,Restricted
Haiti,HTI,2025,Banned
Hungary,HUN,2020,"Legal, but restricted for minors"
Hungary,HUN,2021,"Legal, but restricted for minors"
Hungary,HUN,2022,"Legal, but restricted for minors"
Hungary,HUN,2023,"Legal, but restricted for minors"
Hungary,HUN,2024,"Legal, but restricted for minors"
Hungary,HUN,2025,"Legal, but restricted for minors"
Iceland,ISL,1975,Restricted
Iceland,ISL,1976,Restricted
Iceland,ISL,1977,Restricted
Iceland,ISL,1978,Restricted
Iceland,ISL,1979,Restricted
Iceland,ISL,1980,Restricted
Iceland,ISL,1981,Restricted
Iceland,ISL,1982,Restricted
Iceland,ISL,1983,Restricted
Iceland,ISL,1984,Restricted
Iceland,ISL,1985,Restricted
Iceland,ISL,1986,Restricted
Iceland,ISL,1987,Restricted
Iceland,ISL,1988,Restricted
Iceland,ISL,1989,Restricted
Iceland,ISL,1990,Restricted
Iceland,ISL,1991,Restricted
Iceland,ISL,1992,Restricted
Iceland,ISL,1993,Restricted
Iceland,ISL,1994,Restricted
Iceland,ISL,1995,Restricted
Iceland,ISL,1996,Restricted
Iceland,ISL,1997,Restricted
Iceland,ISL,1998,Restricted
Iceland,ISL,1999,Restricted
Iceland,ISL,2000,Restricted
Iceland,ISL,2001,Restricted
Iceland,ISL,2002,Restricted
Iceland,ISL,2003,Restricted
Iceland,ISL,2004,Restricted
Iceland,ISL,2005,Restricted
Iceland,ISL,2006,Restricted
Iceland,ISL,2007,Restricted
Iceland,ISL,2008,Restricted
Iceland,ISL,2009,Restricted
Iceland,ISL,2010,Restricted
Iceland,ISL,2011,Restricted
Iceland,ISL,2012,Restricted
Iceland,ISL,2013,Restricted
Iceland,ISL,2014,Restricted
Iceland,ISL,2015,Restricted
Iceland,ISL,2016,Restricted
Iceland,ISL,2017,Restricted
Iceland,ISL,2018,Restricted
Iceland,ISL,2019,Legal
Iceland,ISL,2020,Legal
Iceland,ISL,2021,Legal
Iceland,ISL,2022,Legal
Iceland,ISL,2023,Legal
Iceland,ISL,2024,Legal
Iceland,ISL,2025,Legal
India,IND,1986,Restricted
India,IND,1987,Restricted
India,IND,1988,Restricted
India,IND,1989,Restricted
India,IND,1990,Restricted
India,IND,1991,Restricted
India,IND,1992,Restricted
India,IND,1993,Restricted
India,IND,1994,Restricted
India,IND,1995,Restricted
India,IND,1996,Restricted
India,IND,1997,Restricted
India,IND,1998,Restricted
India,IND,1999,Restricted
India,IND,2000,Restricted
India,IND,2001,Restricted
India,IND,2002,Restricted
India,IND,2003,Restricted
India,IND,2004,Restricted
India,IND,2005,Restricted
India,IND,2006,Restricted
India,IND,2007,Restricted
India,IND,2008,Restricted
India,IND,2009,Restricted
India,IND,2010,Restricted
India,IND,2011,Restricted
India,IND,2012,Restricted
India,IND,2013,Restricted
India,IND,2014,Restricted
India,IND,2015,Restricted
India,IND,2016,Restricted
India,IND,2017,Restricted
India,IND,2018,Restricted
India,IND,2019,Legal
India,IND,2020,Legal
India,IND,2021,Legal
India,IND,2022,Legal
India,IND,2023,Legal
India,IND,2024,Legal
India,IND,2025,Legal
Indonesia,IDN,1973,Legal
Indonesia,IDN,1974,Legal
Indonesia,IDN,1975,Legal
Indonesia,IDN,1976,Legal
Indonesia,IDN,1977,Legal
Indonesia,IDN,1978,Legal
Indonesia,IDN,1979,Legal
Indonesia,IDN,1980,Legal
Indonesia,IDN,1981,Legal
Indonesia,IDN,1982,Legal
Indonesia,IDN,1983,Legal
Indonesia,IDN,1984,Legal
Indonesia,IDN,1985,Legal
Indonesia,IDN,1986,Legal
Indonesia,IDN,1987,Legal
Indonesia,IDN,1988,Legal
Indonesia,IDN,1989,Legal
Indonesia,IDN,1990,Legal
Indonesia,IDN,1991,Legal
Indonesia,IDN,1992,Legal
Indonesia,IDN,1993,Legal
Indonesia,IDN,1994,Legal
Indonesia,IDN,1995,Legal
Indonesia,IDN,1996,Legal
Indonesia,IDN,1997,Legal
Indonesia,IDN,1998,Legal
Indonesia,IDN,1999,Legal
Indonesia,IDN,2000,Legal
Indonesia,IDN,2001,Legal
Indonesia,IDN,2002,Legal
Indonesia,IDN,2003,Legal
Indonesia,IDN,2004,Legal
Indonesia,IDN,2005,Legal
Indonesia,IDN,2006,Legal
Indonesia,IDN,2007,Legal
Indonesia,IDN,2008,Legal
Indonesia,IDN,2009,Legal
Indonesia,IDN,2010,Legal
Indonesia,IDN,2011,Legal
Indonesia,IDN,2012,Legal
Indonesia,IDN,2013,Legal
Indonesia,IDN,2014,Legal
Indonesia,IDN,2015,Legal
Indonesia,IDN,2016,Legal
Indonesia,IDN,2017,Legal
Indonesia,IDN,2018,Legal
Indonesia,IDN,2019,Legal
Indonesia,IDN,2020,Legal
Indonesia,IDN,2021,Legal
Indonesia,IDN,2022,Legal
Indonesia,IDN,2023,Restricted
Indonesia,IDN,2024,Restricted
Indonesia,IDN,2025,Restricted
Iran,IRN,1987,Restricted
Iran,IRN,1988,Restricted
Iran,IRN,1989,Restricted
Iran,IRN,1990,Restricted
Iran,IRN,1991,Restricted
Iran,IRN,1992,Restricted
Iran,IRN,1993,Restricted
Iran,IRN,1994,Restricted
Iran,IRN,1995,Restricted
Iran,IRN,1996,Restricted
Iran,IRN,1997,Restricted
Iran,IRN,1998,Restricted
Iran,IRN,1999,Restricted
Iran,IRN,2000,Restricted
Iran,IRN,2001,Restricted
Iran,IRN,2002,Restricted
Iran,IRN,2003,Restricted
Iran,IRN,2004,Restricted
Iran,IRN,2005,Restricted
Iran,IRN,2006,Restricted
Iran,IRN,2007,Restricted
Iran,IRN,2008,Restricted
Iran,IRN,2009,Restricted
Iran,IRN,2010,Restricted
Iran,IRN,2011,Restricted
Iran,IRN,2012,Restricted
Iran,IRN,2013,Restricted
Iran,IRN,2014,Restricted
Iran,IRN,2015,Restricted
Iran,IRN,2016,Restricted
Iran,IRN,2017,Restricted
Iran,IRN,2018,Restricted
Iran,IRN,2019,Restricted
Iran,IRN,2020,Restricted
Iran,IRN,2021,Restricted
Iran,IRN,2022,Restricted
Iran,IRN,2023,Restricted
Iran,IRN,2024,Restricted
Iran,IRN,2025,Restricted
Iraq,IRQ,2018,Legal
Iraq,IRQ,2019,Legal
Iraq,IRQ,2020,Legal
Iraq,IRQ,2021,Legal
Iraq,IRQ,2022,Legal
Iraq,IRQ,2023,Legal
Iraq,IRQ,2024,Banned
Iraq,IRQ,2025,Banned
Ireland,IRL,2016,"Legal, but restricted for minors"
Ireland,IRL,2017,"Legal, but restricted for minors"
Ireland,IRL,2018,"Legal, but restricted for minors"
Ireland,IRL,2019,"Legal, but restricted for minors"
Ireland,IRL,2020,"Legal, but restricted for minors"
Ireland,IRL,2021,"Legal, but restricted for minors"
Ireland,IRL,2022,"Legal, but restricted for minors"
Ireland,IRL,2023,"Legal, but restricted for minors"
Ireland,IRL,2024,"Legal, but restricted for minors"
Ireland,IRL,2025,"Legal, but restricted for minors"
Israel,ISR,1986,Legal
Israel,ISR,1987,Legal
Israel,ISR,1988,Legal
Israel,ISR,1989,Legal
Israel,ISR,1990,Legal
Israel,ISR,1991,Legal
Israel,ISR,1992,Legal
Israel,ISR,1993,Legal
Israel,ISR,1994,Legal
Israel,ISR,1995,Legal
Israel,ISR,1996,Legal
Israel,ISR,1997,Legal
Israel,ISR,1998,Legal
Israel,ISR,1999,Legal
Israel,ISR,2000,Legal
Israel,ISR,2001,Legal
Israel,ISR,2002,Legal
Israel,ISR,2003,Legal
Israel,ISR,2004,Legal
Israel,ISR,2005,Legal
Israel,ISR,2006,Legal
Israel,ISR,2007,Legal
Israel,ISR,2008,Legal
Israel,ISR,2009,Legal
Israel,ISR,2010,Legal
Israel,ISR,2011,Legal
Israel,ISR,2012,Legal
Israel,ISR,2013,Legal
Israel,ISR,2014,Legal
Israel,ISR,2015,Legal
Israel,ISR,2016,Legal
Israel,ISR,2017,Legal
Israel,ISR,2018,Legal
Israel,ISR,2019,Legal
Israel,ISR,2020,Legal
Israel,ISR,2021,Legal
Israel,ISR,2022,Legal
Israel,ISR,2023,Legal
Israel,ISR,2024,Legal
Israel,ISR,2025,Legal
Italy,ITA,2019,"Legal, but restricted for minors"
Italy,ITA,2020,"Legal, but restricted for minors"
Italy,ITA,2021,"Legal, but restricted for minors"
Italy,ITA,2022,"Legal, but restricted for minors"
Italy,ITA,2023,"Legal, but restricted for minors"
Italy,ITA,2024,"Legal, but restricted for minors"
Italy,ITA,2025,"Legal, but restricted for minors"
Jamaica,JAM,2025,Legal
Japan,JPN,1997,"Legal, but restricted for minors"
Japan,JPN,1998,"Legal, but restricted for minors"
Japan,JPN,1999,"Legal, but restricted for minors"
Japan,JPN,2000,"Legal, but restricted for minors"
Japan,JPN,2001,"Legal, but restricted for minors"
Japan,JPN,2002,"Legal, but restricted for minors"
Japan,JPN,2003,"Legal, but restricted for minors"
Japan,JPN,2004,"Legal, but restricted for minors"
Japan,JPN,2005,"Legal, but restricted for minors"
Japan,JPN,2006,"Legal, but restricted for minors"
Japan,JPN,2007,"Legal, but restricted for minors"
Japan,JPN,2008,"Legal, but restricted for minors"
Japan,JPN,2009,"Legal, but restricted for minors"
Japan,JPN,2010,"Legal, but restricted for minors"
Japan,JPN,2011,"Legal, but restricted for minors"
Japan,JPN,2012,"Legal, but restricted for minors"
Japan,JPN,2013,"Legal, but restricted for minors"
Japan,JPN,2014,"Legal, but restricted for minors"
Japan,JPN,2015,"Legal, but restricted for minors"
Japan,JPN,2016,"Legal, but restricted for minors"
Japan,JPN,2017,"Legal, but restricted for minors"
Japan,JPN,2018,"Legal, but restricted for minors"
Japan,JPN,2019,"Legal, but restricted for minors"
Japan,JPN,2020,"Legal, but restricted for minors"
Japan,JPN,2021,"Legal, but restricted for minors"
Japan,JPN,2022,"Legal, but restricted for minors"
Japan,JPN,2023,"Legal, but restricted for minors"
Japan,JPN,2024,"Legal, but restricted for minors"
Japan,JPN,2025,"Legal, but restricted for minors"
Jordan,JOR,2018,Restricted
Jordan,JOR,2019,Restricted
Jordan,JOR,2020,Restricted
Jordan,JOR,2021,Restricted
Jordan,JOR,2022,Restricted
Jordan,JOR,2023,Restricted
Jordan,JOR,2024,Restricted
Jordan,JOR,2025,Restricted
Kazakhstan,KAZ,2020,"Legal, but banned for minors"
Kazakhstan,KAZ,2021,"Legal, but banned for minors"
Kazakhstan,KAZ,2022,"Legal, but banned for minors"
Kazakhstan,KAZ,2023,"Legal, but banned for minors"
Kazakhstan,KAZ,2024,"Legal, but banned for minors"
Kazakhstan,KAZ,2025,"Legal, but banned for minors"
Kenya,KEN,1986,Restricted
Kenya,KEN,1987,Restricted
Kenya,KEN,1988,Restricted
Kenya,KEN,1989,Restricted
Kenya,KEN,1990,Restricted
Kenya,KEN,1991,Restricted
Kenya,KEN,1992,Restricted
Kenya,KEN,1993,Restricted
Kenya,KEN,1994,Restricted
Kenya,KEN,1995,Restricted
Kenya,KEN,1996,Restricted
Kenya,KEN,1997,Restricted
Kenya,KEN,1998,Restricted
Kenya,KEN,1999,Restricted
Kenya,KEN,2000,Restricted
Kenya,KEN,2001,Restricted
Kenya,KEN,2002,Restricted
Kenya,KEN,2003,Restricted
Kenya,KEN,2004,Restricted
Kenya,KEN,2005,Restricted
Kenya,KEN,2006,Restricted
Kenya,KEN,2007,Restricted
Kenya,KEN,2008,Restricted
Kenya,KEN,2009,Restricted
Kenya,KEN,2010,Restricted
Kenya,KEN,2011,Restricted
Kenya,KEN,2012,Restricted
Kenya,KEN,2013,Restricted
Kenya,KEN,2014,Restricted
Kenya,KEN,2015,Restricted
Kenya,KEN,2016,Restricted
Kenya,KEN,2017,Restricted
Kenya,KEN,2018,Restricted
Kenya,KEN,2019,Restricted
Kenya,KEN,2020,Restricted
Kenya,KEN,2021,Restricted
Kenya,KEN,2022,Restricted
Kenya,KEN,2023,Restricted
Kenya,KEN,2024,Restricted
Kenya,KEN,2025,Restricted
Kuwait,KWT,2007,Banned
Kuwait,KWT,2008,Banned
Kuwait,KWT,2009,Banned
Kuwait,KWT,2010,Banned
Kuwait,KWT,2011,Banned
Kuwait,KWT,2012,Banned
Kuwait,KWT,2013,Banned
Kuwait,KWT,2014,Banned
Kuwait,KWT,2015,Banned
Kuwait,KWT,2016,Banned
Kuwait,KWT,2017,Banned
Kuwait,KWT,2018,Banned
Kuwait,KWT,2019,Banned
Kuwait,KWT,2020,Banned
Kuwait,KWT,2021,Banned
Kuwait,KWT,2022,Banned
Kuwait,KWT,2023,Banned
Kuwait,KWT,2024,Banned
Kuwait,KWT,2025,Banned
Kyrgyzstan,KGZ,1983,"Legal, but restricted for minors"
Kyrgyzstan,KGZ,1984,"Legal, but restricted for minors"
Kyrgyzstan,KGZ,1985,"Legal, but restricted for minors"
Kyrgyzstan,KGZ,1986,"Legal, but restricted for minors"
Kyrgyzstan,KGZ,1987,"Legal, but restricted for minors"
Kyrgyzstan,KGZ,1988,"Legal, but restricted for minors"
Kyrgyzstan,KGZ,1989,"Legal, but restricted for minors"
Kyrgyzstan,KGZ,1990,"Legal, but restricted for minors"
Kyrgyzstan,KGZ,1991,"Legal, but restricted for minors"
Kyrgyzstan,KGZ,1992,"Legal, but restricted for minors"
Kyrgyzstan,KGZ,1993,"Legal, but restricted for minors"
Kyrgyzstan,KGZ,1994,"Legal, but restricted for minors"
Kyrgyzstan,KGZ,1995,"Legal, but restricted for minors"
Kyrgyzstan,KGZ,1996,"Legal, but restricted for minors"
Kyrgyzstan,KGZ,1997,"Legal, but restricted for minors"
Kyrgyzstan,KGZ,1998,"Legal, but restricted for minors"
Kyrgyzstan,KGZ,1999,"Legal, but restricted for minors"
Kyrgyzstan,KGZ,2005,"Legal, but banned for minors"
Kyrgyzstan,KGZ,2006,"Legal, but banned for minors"
Kyrgyzstan,KGZ,2007,"Legal, but banned for minors"
Kyrgyzstan,KGZ,2008,"Legal, but banned for minors"
Kyrgyzstan,KGZ,2009,"Legal, but banned for minors"
Kyrgyzstan,KGZ,2010,"Legal, but banned for minors"
Kyrgyzstan,KGZ,2011,"Legal, but banned for minors"
Kyrgyzstan,KGZ,2012,"Legal, but banned for minors"
Kyrgyzstan,KGZ,2013,"Legal, but banned for minors"
Kyrgyzstan,KGZ,2014,"Legal, but banned for minors"
Kyrgyzstan,KGZ,2015,"Legal, but banned for minors"
Kyrgyzstan,KGZ,2016,"Legal, but banned for minors"
Kyrgyzstan,KGZ,2017,"Legal, but banned for minors"
Kyrgyzstan,KGZ,2018,"Legal, but banned for minors"
Kyrgyzstan,KGZ,2019,"Legal, but banned for minors"
Kyrgyzstan,KGZ,2020,"Legal, but banned for minors"
Kyrgyzstan,KGZ,2021,"Legal, but banned for minors"
Kyrgyzstan,KGZ,2022,"Legal, but banned for minors"
Kyrgyzstan,KGZ,2023,"Legal, but banned for minors"
Kyrgyzstan,KGZ,2024,"Legal, but banned for minors"
Kyrgyzstan,KGZ,2025,"Legal, but banned for minors"
Laos,LAO,2009,Restricted
Laos,LAO,2010,Restricted
Laos,LAO,2011,Restricted
Laos,LAO,2012,Restricted
Laos,LAO,2013,Restricted
Laos,LAO,2014,Restricted
Laos,LAO,2015,Restricted
Laos,LAO,2016,Restricted
Laos,LAO,2017,Restricted
Laos,LAO,2018,Restricted
Laos,LAO,2019,Restricted
Laos,LAO,2020,Restricted
Laos,LAO,2021,Restricted
Laos,LAO,2022,Restricted
Laos,LAO,2023,Restricted
Laos,LAO,2024,Restricted
Laos,LAO,2025,Restricted
Latvia,LVA,1950,Restricted
Latvia,LVA,1951,Restricted
Latvia,LVA,1952,Restricted
Latvia,LVA,1953,Restricted
Latvia,LVA,1954,Restricted
Latvia,LVA,1955,Restricted
Latvia,LVA,1956,Restricted
Latvia,LVA,1957,Restricted
Latvia,LVA,1958,Restricted
Latvia,LVA,1959,Restricted
Latvia,LVA,1960,Restricted
Latvia,LVA,1961,Restricted
Latvia,LVA,1962,Restricted
Latvia,LVA,1963,Restricted
Latvia,LVA,1964,Restricted
Latvia,LVA,1965,Restricted
Latvia,LVA,1966,Restricted
Latvia,LVA,1967,Restricted
Latvia,LVA,1968,Restricted
Latvia,LVA,1969,Restricted
Latvia,LVA,1970,Restricted
Latvia,LVA,1971,Restricted
Latvia,LVA,1972,Restricted
Latvia,LVA,1973,Restricted
Latvia,LVA,1974,Restricted
Latvia,LVA,1975,Restricted
Latvia,LVA,1976,Restricted
Latvia,LVA,1977,Restricted
Latvia,LVA,1978,Restricted
Latvia,LVA,1979,Restricted
Latvia,LVA,1980,Restricted
Latvia,LVA,1981,Restricted
Latvia,LVA,1982,Restricted
Latvia,LVA,1983,"Legal, but restricted for minors"
Latvia,LVA,1984,"Legal, but restricted for minors"
Latvia,LVA,1985,"Legal, but restricted for minors"
Latvia,LVA,1986,"Legal, but restricted for minors"
Latvia,LVA,1987,"Legal, but restricted for minors"
Latvia,LVA,1988,"Legal, but restricted for minors"
Latvia,LVA,1989,"Legal, but restricted for minors"
Latvia,LVA,1990,"Legal, but restricted for minors"
Latvia,LVA,1991,"Legal, but restricted for minors"
Latvia,LVA,1992,"Legal, but restricted for minors"
Latvia,LVA,1993,"Legal, but restricted for minors"
Latvia,LVA,1994,"Legal, but restricted for minors"
Latvia,LVA,1995,"Legal, but restricted for minors"
Latvia,LVA,1996,Legal
Latvia,LVA,1997,Legal
Latvia,LVA,1998,Legal
Latvia,LVA,1999,Legal
Latvia,LVA,2000,Legal
Latvia,LVA,2001,Legal
Latvia,LVA,2002,Legal
Latvia,LVA,2003,Legal
Latvia,LVA,2004,Legal
Latvia,LVA,2005,Legal
Latvia,LVA,2006,Legal
Latvia,LVA,2007,Legal
Latvia,LVA,2008,Legal
Latvia,LVA,2009,Legal
Latvia,LVA,2010,Legal
Latvia,LVA,2011,Legal
Latvia,LVA,2012,Legal
Latvia,LVA,2013,Legal
Latvia,LVA,2014,Legal
Latvia,LVA,2015,Legal
Latvia,LVA,2016,Legal
Latvia,LVA,2017,Legal
Latvia,LVA,2018,Legal
Latvia,LVA,2019,Legal
Latvia,LVA,2020,Legal
Latvia,LVA,2021,Legal
Latvia,LVA,2022,Legal
Latvia,LVA,2023,Legal
Latvia,LVA,2024,Legal
Latvia,LVA,2025,Legal
Lebanon,LBN,2025,Legal
Lesotho,LSO,1994,Restricted
Lesotho,LSO,1995,Restricted
Lesotho,LSO,1996,Restricted
Lesotho,LSO,1997,Restricted
Lesotho,LSO,1998,Restricted
Lesotho,LSO,1999,Restricted
Lesotho,LSO,2000,Restricted
Lesotho,LSO,2001,Restricted
Lesotho,LSO,2002,Restricted
Lesotho,LSO,2003,Restricted
Lesotho,LSO,2004,Restricted
Lesotho,LSO,2005,Restricted
Lesotho,LSO,2006,Restricted
Lesotho,LSO,2007,Restricted
Lesotho,LSO,2008,Restricted
Lesotho,LSO,2009,Restricted
Lesotho,LSO,2010,Restricted
Lesotho,LSO,2011,Restricted
Lesotho,LSO,2012,Restricted
Lesotho,LSO,2013,Restricted
Lesotho,LSO,2014,Restricted
Lesotho,LSO,2015,Restricted
Lesotho,LSO,2016,Restricted
Lesotho,LSO,2017,Restricted
Lesotho,LSO,2018,Restricted
Lesotho,LSO,2019,Restricted
Lesotho,LSO,2020,Restricted
Lesotho,LSO,2021,Restricted
Lesotho,LSO,2022,Restricted
Lesotho,LSO,2023,Restricted
Lesotho,LSO,2024,Restricted
Lesotho,LSO,2025,Restricted
Liberia,LBR,2025,Restricted
Libya,LBY,2025,Restricted
Liechtenstein,LIE,1987,Ambiguous
Liechtenstein,LIE,1988,Ambiguous
Liechtenstein,LIE,1989,Ambiguous
Liechtenstein,LIE,1990,Ambiguous
Liechtenstein,LIE,1991,Ambiguous
Liechtenstein,LIE,1992,Ambiguous
Liechtenstein,LIE,1993,Ambiguous
Liechtenstein,LIE,1994,Ambiguous
Liechtenstein,LIE,1995,Ambiguous
Liechtenstein,LIE,1996,Ambiguous
Liechtenstein,LIE,1997,Ambiguous
Liechtenstein,LIE,1998,Ambiguous
Liechtenstein,LIE,1999,Ambiguous
Liechtenstein,LIE,2000,Ambiguous
Liechtenstein,LIE,2001,Ambiguous
Liechtenstein,LIE,2002,Ambiguous
Liechtenstein,LIE,2003,Ambiguous
Liechtenstein,LIE,2004,Ambiguous
Liechtenstein,LIE,2005,Ambiguous
Liechtenstein,LIE,2006,Ambiguous
Liechtenstein,LIE,2007,Ambiguous
Liechtenstein,LIE,2008,Ambiguous
Liechtenstein,LIE,2009,Ambiguous
Liechtenstein,LIE,2010,Ambiguous
Liechtenstein,LIE,2011,Ambiguous
Liechtenstein,LIE,2012,Ambiguous
Liechtenstein,LIE,2013,Ambiguous
Liechtenstein,LIE,2014,Ambiguous
Liechtenstein,LIE,2015,Ambiguous
Liechtenstein,LIE,2016,Ambiguous
Liechtenstein,LIE,2017,Ambiguous
Liechtenstein,LIE,2018,Ambiguous
Liechtenstein,LIE,2019,Ambiguous
Liechtenstein,LIE,2020,Ambiguous
Liechtenstein,LIE,2021,Ambiguous
Liechtenstein,LIE,2022,Ambiguous
Liechtenstein,LIE,2023,Ambiguous
Liechtenstein,LIE,2024,Ambiguous
Liechtenstein,LIE,2025,Ambiguous
Lithuania,LTU,2022,Legal
Lithuania,LTU,2023,Legal
Lithuania,LTU,2024,Legal
Lithuania,LTU,2025,Legal
Luxembourg,LUX,2025,Legal
Madagascar,MDG,2025,Banned
Malawi,MWI,2025,Banned
Malaysia,MYS,1983,Restricted
Malaysia,MYS,1984,Restricted
Malaysia,MYS,1985,Restricted
Malaysia,MYS,1986,Restricted
Malaysia,MYS,1987,Restricted
Malaysia,MYS,1988,Restricted
Malaysia,MYS,1989,Restricted
Malaysia,MYS,1990,Restricted
Malaysia,MYS,1991,Restricted
Malaysia,MYS,1992,Restricted
Malaysia,MYS,1993,Restricted
Malaysia,MYS,1994,Restricted
Malaysia,MYS,1995,Restricted
Malaysia,MYS,1996,Restricted
Malaysia,MYS,1997,Restricted
Malaysia,MYS,1998,Restricted
Malaysia,MYS,1999,Restricted
Malaysia,MYS,2000,Restricted
Malaysia,MYS,2001,Restricted
Malaysia,MYS,2002,Restricted
Malaysia,MYS,2003,Restricted
Malaysia,MYS,2004,Restricted
Malaysia,MYS,2005,Restricted
Malaysia,MYS,2006,Restricted
Malaysia,MYS,2007,Restricted
Malaysia,MYS,2008,Restricted
Malaysia,MYS,2009,Restricted
Malaysia,MYS,2010,Restricted
Malaysia,MYS,2011,Restricted
Malaysia,MYS,2012,Restricted
Malaysia,MYS,2013,Restricted
Malaysia,MYS,2014,Restricted
Malaysia,MYS,2015,Restricted
Malaysia,MYS,2016,Restricted
Malaysia,MYS,2017,Restricted
Malaysia,MYS,2018,Restricted
Malaysia,MYS,2019,Restricted
Malaysia,MYS,2020,Restricted
Malaysia,MYS,2021,Restricted
Malaysia,MYS,2022,Restricted
Malaysia,MYS,2023,Restricted
Malaysia,MYS,2024,Restricted
Malaysia,MYS,2025,Restricted
Maldives,MDV,2025,Banned
Mali,MLI,2025,Restricted
Malta,MLT,2025,Legal
Mauritania,MRT,2025,Banned
Mauritius,MUS,2025,Legal
Mexico,MEX,2020,Legal
Mexico,MEX,2021,Legal
Mexico,MEX,2022,Legal
Mexico,MEX,2023,Legal
Mexico,MEX,2024,Legal
Mexico,MEX,2025,Legal
Moldova,MDA,2025,Legal
Monaco,MCO,2025,Banned
Mongolia,MNG,1991,Restricted
Mongolia,MNG,1992,Restricted
Mongolia,MNG,1993,Restricted
Mongolia,MNG,1994,Legal
Mongolia,MNG,1995,Legal
Mongolia,MNG,1996,Legal
Mongolia,MNG,1997,Legal
Mongolia,MNG,1998,Legal
Mongolia,MNG,1999,Legal
Mongolia,MNG,2000,Legal
Mongolia,MNG,2001,Legal
Mongolia,MNG,2002,Legal
Mongolia,MNG,2003,Legal
Mongolia,MNG,2004,Legal
Mongolia,MNG,2005,Legal
Mongolia,MNG,2006,Legal
Mongolia,MNG,2007,Legal
Mongolia,MNG,2008,Legal
Mongolia,MNG,2009,Legal
Mongolia,MNG,2010,Legal
Mongolia,MNG,2011,Legal
Mongolia,MNG,2012,Legal
Mongolia,MNG,2013,Legal
Mongolia,MNG,2014,Legal
Mongolia,MNG,2015,Legal
Mongolia,MNG,2016,Legal
Mongolia,MNG,2017,Legal
Mongolia,MNG,2018,Legal
Mongolia,MNG,2019,Legal
Mongolia,MNG,2020,Legal
Mongolia,MNG,2021,Legal
Mongolia,MNG,2022,Legal
Mongolia,MNG,2023,Legal
Mongolia,MNG,2024,Legal
Mongolia,MNG,2025,Legal
Montenegro,MNE,1977,Restricted
Montenegro,MNE,1978,Restricted
Montenegro,MNE,1979,Banned
Montenegro,MNE,1980,Banned
Montenegro,MNE,1981,Banned
Montenegro,MNE,1982,Banned
Montenegro,MNE,1983,Banned
Montenegro,MNE,1984,Banned
Montenegro,MNE,1985,Banned
Montenegro,MNE,1986,Banned
Montenegro,MNE,1987,Banned
Montenegro,MNE,1988,Banned
Montenegro,MNE,1989,Banned
Montenegro,MNE,1990,Banned
Montenegro,MNE,1991,Banned
Montenegro,MNE,1992,Banned
Montenegro,MNE,1993,Banned
Montenegro,MNE,1994,Banned
Montenegro,MNE,1995,Banned
Montenegro,MNE,1996,Banned
Montenegro,MNE,1997,Banned
Montenegro,MNE,1998,Banned
Montenegro,MNE,1999,Banned
Montenegro,MNE,2000,Banned
Montenegro,MNE,2001,Banned
Montenegro,MNE,2002,Banned
Montenegro,MNE,2003,Banned
Montenegro,MNE,2004,Banned
Montenegro,MNE,2005,Banned
Montenegro,MNE,2006,Banned
Montenegro,MNE,2007,Banned
Montenegro,MNE,2008,Banned
Montenegro,MNE,2009,Banned
Montenegro,MNE,2010,Banned
Montenegro,MNE,2011,Banned
Montenegro,MNE,2012,Legal
Montenegro,MNE,2013,Legal
Montenegro,MNE,2014,Legal
Montenegro,MNE,2015,Legal
Montenegro,MNE,2016,Legal
Montenegro,MNE,2017,Legal
Montenegro,MNE,2018,Legal
Montenegro,MNE,2019,Legal
Montenegro,MNE,2020,Legal
Montenegro,MNE,2021,Legal
Montenegro,MNE,2022,Legal
Montenegro,MNE,2023,Legal
Montenegro,MNE,2024,Legal
Montenegro,MNE,2025,Legal
Morocco,MAR,2025,Banned
Mozambique,MOZ,2025,Banned
Myanmar,MMR,1963,Restricted
Myanmar,MMR,1964,Restricted
Myanmar,MMR,1965,Restricted
Myanmar,MMR,1966,Restricted
Myanmar,MMR,1967,Restricted
Myanmar,MMR,1968,Restricted
Myanmar,MMR,1969,Restricted
Myanmar,MMR,1970,Restricted
Myanmar,MMR,1971,Restricted
Myanmar,MMR,1972,Restricted
Myanmar,MMR,1973,Restricted
Myanmar,MMR,1974,Restricted
Myanmar,MMR,1975,Restricted
Myanmar,MMR,1976,Restricted
Myanmar,MMR,1977,Restricted
Myanmar,MMR,1978,Restricted
Myanmar,MMR,1979,Restricted
Myanmar,MMR,1980,Restricted
Myanmar,MMR,1981,Restricted
Myanmar,MMR,1982,Restricted
Myanmar,MMR,1983,Restricted
Myanmar,MMR,1984,Restricted
Myanmar,MMR,1985,Restricted
Myanmar,MMR,1986,Restricted
Myanmar,MMR,1987,Restricted
Myanmar,MMR,1988,Restricted
Myanmar,MMR,1989,Restricted
Myanmar,MMR,1990,Restricted
Myanmar,MMR,1991,Restricted
Myanmar,MMR,1992,Restricted
Myanmar,MMR,1993,Restricted
Myanmar,MMR,1994,Restricted
Myanmar,MMR,1995,Restricted
Myanmar,MMR,1996,Restricted
Myanmar,MMR,1997,Restricted
Myanmar,MMR,1998,Restricted
Myanmar,MMR,1999,Restricted
Myanmar,MMR,2000,Restricted
Myanmar,MMR,2001,Restricted
Myanmar,MMR,2002,Restricted
Myanmar,MMR,2003,Restricted
Myanmar,MMR,2004,Restricted
Myanmar,MMR,2005,Restricted
Myanmar,MMR,2006,Restricted
Myanmar,MMR,2007,Restricted
Myanmar,MMR,2008,Restricted
Myanmar,MMR,2009,Restricted
Myanmar,MMR,2010,Restricted
Myanmar,MMR,2011,Restricted
Myanmar,MMR,2012,Restricted
Myanmar,MMR,2013,Restricted
Myanmar,MMR,2014,Restricted
Myanmar,MMR,2015,Restricted
Myanmar,MMR,2016,Restricted
Myanmar,MMR,2017,Restricted
Myanmar,MMR,2018,Restricted
Myanmar,MMR,2019,Restricted
Myanmar,MMR,2020,Restricted
Myanmar,MMR,2021,Restricted
Myanmar,MMR,2022,Restricted
Myanmar,MMR,2023,Restricted
Myanmar,MMR,2024,Restricted
Myanmar,MMR,2025,Restricted
Namibia,NAM,2025,Restricted
Nepal,NPL,1988,Restricted
Nepal,NPL,1989,Restricted
Nepal,NPL,1990,Restricted
Nepal,NPL,1991,Restricted
Nepal,NPL,1992,Restricted
Nepal,NPL,1993,Restricted
Nepal,NPL,1994,Restricted
Nepal,NPL,1995,Restricted
Nepal,NPL,1996,Restricted
Nepal,NPL,1997,Restricted
Nepal,NPL,1998,Restricted
Nepal,NPL,1999,Restricted
Nepal,NPL,2000,Restricted
Nepal,NPL,2001,Restricted
Nepal,NPL,2002,Restricted
Nepal,NPL,2003,Restricted
Nepal,NPL,2004,Restricted
Nepal,NPL,2005,Restricted
Nepal,NPL,2006,Restricted
Nepal,NPL,2007,Restricted
Nepal,NPL,2008,Restricted
Nepal,NPL,2009,Restricted
Nepal,NPL,2010,Restricted
Nepal,NPL,2011,Restricted
Nepal,NPL,2012,Restricted
Nepal,NPL,2013,Restricted
Nepal,NPL,2014,Restricted
Nepal,NPL,2015,Restricted
Nepal,NPL,2016,Restricted
Nepal,NPL,2017,Restricted
Nepal,NPL,2018,Restricted
Nepal,NPL,2019,Restricted
Nepal,NPL,2020,Restricted
Nepal,NPL,2021,Restricted
Nepal,NPL,2022,Restricted
Nepal,NPL,2023,Restricted
Nepal,NPL,2024,Restricted
Nepal,NPL,2025,Restricted
Netherlands,NLD,1972,Restricted
Netherlands,NLD,1973,Restricted
Netherlands,NLD,1974,Restricted
Netherlands,NLD,1975,Restricted
Netherlands,NLD,1976,Restricted
Netherlands,NLD,1977,Restricted
Netherlands,NLD,1978,Restricted
Netherlands,NLD,1979,Legal
Netherlands,NLD,1980,Legal
Netherlands,NLD,1981,Legal
Netherlands,NLD,1982,Legal
Netherlands,NLD,1983,Legal
Netherlands,NLD,1984,Legal
Netherlands,NLD,1985,Legal
Netherlands,NLD,1986,Legal
Netherlands,NLD,1987,Legal
Netherlands,NLD,1988,Legal
Netherlands,NLD,1989,Legal
Netherlands,NLD,1990,Legal
Netherlands,NLD,1991,Legal
Netherlands,NLD,1992,Legal
Netherlands,NLD,1993,Legal
Netherlands,NLD,1994,Legal
Netherlands,NLD,1995,Legal
Netherlands,NLD,1996,Legal
Netherlands,NLD,1997,Legal
Netherlands,NLD,1998,Legal
Netherlands,NLD,1999,Legal
Netherlands,NLD,2000,Legal
Netherlands,NLD,2001,Legal
Netherlands,NLD,2002,Legal
Netherlands,NLD,2003,Legal
Netherlands,NLD,2004,Legal
Netherlands,NLD,2005,Legal
Netherlands,NLD,2006,Legal
Netherlands,NLD,2007,Legal
Netherlands,NLD,2008,Legal
Netherlands,NLD,2009,Legal
Netherlands,NLD,2010,Legal
Netherlands,NLD,2011,Legal
Netherlands,NLD,2012,Legal
Netherlands,NLD,2013,Legal
Netherlands,NLD,2014,Legal
Netherlands,NLD,2015,Legal
Netherlands,NLD,2016,Legal
Netherlands,NLD,2017,Legal
Netherlands,NLD,2018,Legal
Netherlands,NLD,2019,Legal
Netherlands,NLD,2020,Legal
Netherlands,NLD,2021,Legal
Netherlands,NLD,2022,Legal
Netherlands,NLD,2023,Legal
Netherlands,NLD,2024,Legal
Netherlands,NLD,2025,Legal
New Zealand,NZL,2025,Legal
Niger,NER,1988,Restricted
Niger,NER,1989,Restricted
Niger,NER,1990,Restricted
Niger,NER,1991,Restricted
Niger,NER,1992,Restricted
Niger,NER,1993,Restricted
Niger,NER,1994,Restricted
Niger,NER,1995,Restricted
Niger,NER,1996,Restricted
Niger,NER,1997,Restricted
Niger,NER,1998,Restricted
Niger,NER,1999,Restricted
Niger,NER,2000,Restricted
Niger,NER,2001,Restricted
Niger,NER,2002,Restricted
Niger,NER,2003,Restricted
Niger,NER,2004,Restricted
Niger,NER,2005,Restricted
Niger,NER,2006,Restricted
Niger,NER,2007,Restricted
Niger,NER,2008,Restricted
Niger,NER,2009,Restricted
Niger,NER,2010,Restricted
Niger,NER,2011,Restricted
Niger,NER,2012,Restricted
Niger,NER,2013,Restricted
Niger,NER,2014,Restricted
Niger,NER,2015,Restricted
Niger,NER,2016,Restricted
Niger,NER,2017,Restricted
Niger,NER,2018,Restricted
Niger,NER,2019,Restricted
Niger,NER,2020,Restricted
Niger,NER,2021,Restricted
Niger,NER,2022,Restricted
Niger,NER,2023,Restricted
Niger,NER,2024,Restricted
Niger,NER,2025,Restricted
Nigeria,NGA,2025,Restricted
North Macedonia,MKD,2025,"Legal, but restricted for minors"
Norway,NOR,1996,Legal
Norway,NOR,1997,Legal
Norway,NOR,1998,Legal
Norway,NOR,1999,Legal
Norway,NOR,2000,Legal
Norway,NOR,2001,Legal
Norway,NOR,2002,Legal
Norway,NOR,2003,Legal
Norway,NOR,2004,Legal
Norway,NOR,2005,Legal
Norway,NOR,2006,Legal
Norway,NOR,2007,Legal
Norway,NOR,2008,Legal
Norway,NOR,2009,Legal
Norway,NOR,2010,Legal
Norway,NOR,2011,Legal
Norway,NOR,2012,Legal
Norway,NOR,2013,Legal
Norway,NOR,2014,Legal
Norway,NOR,2015,Legal
Norway,NOR,2016,Legal
Norway,NOR,2017,Legal
Norway,NOR,2018,Legal
Norway,NOR,2019,Legal
Norway,NOR,2020,Legal
Norway,NOR,2021,Legal
Norway,NOR,2022,Legal
Norway,NOR,2023,Legal
Norway,NOR,2024,Legal
Norway,NOR,2025,Legal
Oman,OMN,2025,Banned
Pakistan,PAK,2008,Restricted
Pakistan,PAK,2009,Restricted
Pakistan,PAK,2010,Restricted
Pakistan,PAK,2011,Restricted
Pakistan,PAK,2012,Restricted
Pakistan,PAK,2013,Restricted
Pakistan,PAK,2014,Restricted
Pakistan,PAK,2015,Restricted
Pakistan,PAK,2016,Restricted
Pakistan,PAK,2017,Restricted
Pakistan,PAK,2018,Legal
Pakistan,PAK,2019,Legal
Pakistan,PAK,2020,Legal
Pakistan,PAK,2021,Legal
Pakistan,PAK,2022,Legal
Pakistan,PAK,2023,Legal
Pakistan,PAK,2024,Legal
Pakistan,PAK,2025,Legal
Paraguay,PRY,2025,Legal
Peru,PER,2025,Legal
Philippines,PHL,1976,Restricted
Philippines,PHL,1977,Restricted
Philippines,PHL,1978,Restricted
Philippines,PHL,1979,Restricted
Philippines,PHL,1980,Restricted
Philippines,PHL,1981,Restricted
Philippines,PHL,1982,Restricted
Philippines,PHL,1983,Restricted
Philippines,PHL,1984,Restricted
Philippines,PHL,1985,Restricted
Philippines,PHL,1986,Restricted
Philippines,PHL,1987,Restricted
Philippines,PHL,1988,Restricted
Philippines,PHL,1989,Restricted
Philippines,PHL,1990,Restricted
Philippines,PHL,1991,Restricted
Philippines,PHL,1992,Legal
Philippines,PHL,1993,Legal
Philippines,PHL,1994,Legal
Philippines,PHL,1995,Legal
Philippines,PHL,1996,Legal
Philippines,PHL,1997,Legal
Philippines,PHL,1998,Legal
Philippines,PHL,1999,Legal
Philippines,PHL,2000,Legal
Philippines,PHL,2001,Legal
Philippines,PHL,2002,Legal
Philippines,PHL,2003,Legal
Philippines,PHL,2004,Legal
Philippines,PHL,2005,Legal
Philippines,PHL,2006,Legal
Philippines,PHL,2007,Legal
Philippines,PHL,2008,Legal
Philippines,PHL,2009,Legal
Philippines,PHL,2010,Legal
Philippines,PHL,2011,Legal
Philippines,PHL,2012,Legal
Philippines,PHL,2013,Legal
Philippines,PHL,2014,Legal
Philippines,PHL,2015,Legal
Philippines,PHL,2016,Legal
Philippines,PHL,2017,Legal
Philippines,PHL,2018,Legal
Philippines,PHL,2019,Legal
Philippines,PHL,2020,Legal
Philippines,PHL,2021,Legal
Philippines,PHL,2022,Legal
Philippines,PHL,2023,Legal
Philippines,PHL,2024,Legal
Philippines,PHL,2025,Legal
Poland,POL,1963,Restricted
Poland,POL,1964,Restricted
Poland,POL,1965,Restricted
Poland,POL,1966,Restricted
Poland,POL,1967,Restricted
Poland,POL,1968,Restricted
Poland,POL,1969,Restricted
Poland,POL,1970,Restricted
Poland,POL,1971,Restricted
Poland,POL,1972,Restricted
Poland,POL,1973,Restricted
Poland,POL,1974,Restricted
Poland,POL,1975,Restricted
Poland,POL,1976,Restricted
Poland,POL,1977,Restricted
Poland,POL,1978,Restricted
Poland,POL,1979,Restricted
Poland,POL,1980,Restricted
Poland,POL,1981,"Legal, but restricted for minors"
Poland,POL,1982,"Legal, but restricted for minors"
Poland,POL,1983,"Legal, but restricted for minors"
Poland,POL,1984,"Legal, but restricted for minors"
Poland,POL,1985,"Legal, but restricted for minors"
Poland,POL,1986,"Legal, but restricted for minors"
Poland,POL,1987,"Legal, but restricted for minors"
Poland,POL,1988,"Legal, but restricted for minors"
Poland,POL,1989,"Legal, but restricted for minors"
Poland,POL,1990,"Legal, but restricted for minors"
Poland,POL,1991,"Legal, but restricted for minors"
Poland,POL,1992,"Legal, but restricted for minors"
Poland,POL,1993,"Legal, but restricted for minors"
Poland,POL,1994,"Legal, but restricted for minors"
Poland,POL,1995,"Legal, but restricted for minors"
Poland,POL,1996,Legal
Poland,POL,1997,Legal
Poland,POL,1998,Legal
Poland,POL,1999,Legal
Poland,POL,2000,Legal
Poland,POL,2001,Legal
Poland,POL,2002,Legal
Poland,POL,2003,Legal
Poland,POL,2004,Legal
Poland,POL,2005,Legal
Poland,POL,2006,Legal
Poland,POL,2007,Legal
Poland,POL,2008,Legal
Poland,POL,2009,Legal
Poland,POL,2010,Legal
Poland,POL,2011,Legal
Poland,POL,2012,Legal
Poland,POL,2013,Legal
Poland,POL,2014,Legal
Poland,POL,2015,Legal
Poland,POL,2016,Legal
Poland,POL,2017,Legal
Poland,POL,2018,Legal
Poland,POL,2019,Legal
Poland,POL,2020,Legal
Poland,POL,2021,Legal
Poland,POL,2022,Legal
Poland,POL,2023,Legal
Poland,POL,2024,Legal
Poland,POL,2025,Legal
Portugal,PRT,1995,Legal
Portugal,PRT,1996,Legal
Portugal,PRT,1997,Legal
Portugal,PRT,1998,Legal
Portugal,PRT,1999,Legal
Portugal,PRT,2000,Legal
Portugal,PRT,2001,Legal
Portugal,PRT,2002,Legal
Portugal,PRT,2003,Legal
Portugal,PRT,2004,Legal
Portugal,PRT,2005,Legal
Portugal,PRT,2006,Legal
Portugal,PRT,2007,Legal
Portugal,PRT,2008,Legal
Portugal,PRT,2009,Legal
Portugal,PRT,2010,Legal
Portugal,PRT,2011,Legal
Portugal,PRT,2012,Legal
Portugal,PRT,2013,Legal
Portugal,PRT,2014,Legal
Portugal,PRT,2015,Legal
Portugal,PRT,2016,Legal
Portugal,PRT,2017,Legal
Portugal,PRT,2018,Legal
Portugal,PRT,2019,Legal
Portugal,PRT,2020,Legal
Portugal,PRT,2021,Legal
Portugal,PRT,2022,Legal
Portugal,PRT,2023,Legal
Portugal,PRT,2024,Legal
Portugal,PRT,2025,Legal
Qatar,QAT,2025,Restricted
Romania,ROU,2025,Legal
Russia,RUS,1950,Restricted
Russia,RUS,1951,Restricted
Russia,RUS,1952,Restricted
Russia,RUS,1953,Restricted
Russia,RUS,1954,Restricted
Russia,RUS,1955,Restricted
Russia,RUS,1956,Restricted
Russia,RUS,1957,Restricted
Russia,RUS,1958,Restricted
Russia,RUS,1959,Restricted
Russia,RUS,1960,Restricted
Russia,RUS,1961,Restricted
Russia,RUS,1962,Restricted
Russia,RUS,1963,Restricted
Russia,RUS,1964,Restricted
Russia,RUS,1965,Restricted
Russia,RUS,1966,Restricted
Russia,RUS,1967,Restricted
Russia,RUS,1968,Restricted
Russia,RUS,1969,Restricted
Russia,RUS,1970,Restricted
Russia,RUS,1971,Restricted
Russia,RUS,1972,Restricted
Russia,RUS,1973,Restricted
Russia,RUS,1974,Restricted
Russia,RUS,1975,Restricted
Russia,RUS,1976,Restricted
Russia,RUS,1977,Restricted
Russia,RUS,1978,Restricted
Russia,RUS,1979,Restricted
Russia,RUS,1980,Restricted
Russia,RUS,1981,Restricted
Russia,RUS,1982,Restricted
Russia,RUS,1983,"Legal, but restricted for minors"
Russia,RUS,1984,"Legal, but restricted for minors"
Russia,RUS,1985,"Legal, but restricted for minors"
Russia,RUS,1986,"Legal, but restricted for minors"
Russia,RUS,1987,"Legal, but restricted for minors"
Russia,RUS,1988,"Legal, but restricted for minors"
Russia,RUS,1989,"Legal, but restricted for minors"
Russia,RUS,1990,"Legal, but restricted for minors"
Russia,RUS,1991,"Legal, but restricted for minors"
Russia,RUS,1992,"Legal, but restricted for minors"
Russia,RUS,1993,"Legal, but restricted for minors"
Russia,RUS,1994,"Legal, but restricted for minors"
Russia,RUS,1995,"Legal, but restricted for minors"
Russia,RUS,1996,"Legal, but restricted for minors"
Russia,RUS,1997,"Legal, but restricted for minors"
Russia,RUS,1998,"Legal, but restricted for minors"
Russia,RUS,1999,"Legal, but restricted for minors"
Russia,RUS,2000,"Legal, but restricted for minors"
Russia,RUS,2001,"Legal, but restricted for minors"
Russia,RUS,2002,"Legal, but restricted for minors"
Russia,RUS,2003,"Legal, but restricted for minors"
Russia,RUS,2004,"Legal, but restricted for minors"
Russia,RUS,2005,"Legal, but restricted for minors"
Russia,RUS,2006,"Legal, but restricted for minors"
Russia,RUS,2007,"Legal, but restricted for minors"
Russia,RUS,2008,"Legal, but restricted for minors"
Russia,RUS,2009,"Legal, but restricted for minors"
Russia,RUS,2010,"Legal, but restricted for minors"
Russia,RUS,2011,"Legal, but restricted for minors"
Russia,RUS,2012,"Legal, but restricted for minors"
Russia,RUS,2013,"Legal, but restricted for minors"
Russia,RUS,2014,"Legal, but restricted for minors"
Russia,RUS,2015,"Legal, but restricted for minors"
Russia,RUS,2016,"Legal, but restricted for minors"
Russia,RUS,2017,"Legal, but restricted for minors"
Russia,RUS,2018,"Legal, but restricted for minors"
Russia,RUS,2019,"Legal, but restricted for minors"
Russia,RUS,2020,"Legal, but restricted for minors"
Russia,RUS,2021,"Legal, but restricted for minors"
Russia,RUS,2022,"Legal, but restricted for minors"
Russia,RUS,2023,Banned
Russia,RUS,2024,Banned
Russia,RUS,2025,Banned
Rwanda,RWA,1986,Restricted
Rwanda,RWA,1987,Restricted
Rwanda,RWA,1988,Restricted
Rwanda,RWA,1989,Restricted
Rwanda,RWA,1990,Restricted
Rwanda,RWA,1991,Restricted
Rwanda,RWA,1992,Restricted
Rwanda,RWA,1993,Restricted
Rwanda,RWA,1994,Restricted
Rwanda,RWA,1995,Restricted
Rwanda,RWA,1996,Restricted
Rwanda,RWA,1997,Restricted
Rwanda,RWA,1998,Restricted
Rwanda,RWA,1999,Restricted
Rwanda,RWA,2000,Restricted
Rwanda,RWA,2001,Restricted
Rwanda,RWA,2002,Restricted
Rwanda,RWA,2003,Restricted
Rwanda,RWA,2004,Restricted
Rwanda,RWA,2005,Restricted
Rwanda,RWA,2006,Restricted
Rwanda,RWA,2007,Restricted
Rwanda,RWA,2008,Restricted
Rwanda,RWA,2009,Restricted
Rwanda,RWA,2010,Restricted
Rwanda,RWA,2011,Restricted
Rwanda,RWA,2012,Restricted
Rwanda,RWA,2013,Restricted
Rwanda,RWA,2014,Restricted
Rwanda,RWA,2015,Restricted
Rwanda,RWA,2016,Restricted
Rwanda,RWA,2017,Restricted
Rwanda,RWA,2018,Restricted
Rwanda,RWA,2019,Restricted
Rwanda,RWA,2020,Restricted
Rwanda,RWA,2021,Restricted
Rwanda,RWA,2022,Restricted
Rwanda,RWA,2023,Restricted
Rwanda,RWA,2024,Restricted
Rwanda,RWA,2025,Restricted
San Marino,SMR,2025,Legal
Saudi Arabia,SAU,1985,Restricted
Saudi Arabia,SAU,1986,Restricted
Saudi Arabia,SAU,1987,Restricted
Saudi Arabia,SAU,1988,Restricted
Saudi Arabia,SAU,1989,Restricted
Saudi Arabia,SAU,1990,Restricted
Saudi Arabia,SAU,1991,Restricted
Saudi Arabia,SAU,1992,Restricted
Saudi Arabia,SAU,1993,Restricted
Saudi Arabia,SAU,1994,Restricted
Saudi Arabia,SAU,1995,Restricted
Saudi Arabia,SAU,1996,Restricted
Saudi Arabia,SAU,1997,Restricted
Saudi Arabia,SAU,1998,Restricted
Saudi Arabia,SAU,1999,Restricted
Saudi Arabia,SAU,2000,Restricted
Saudi Arabia,SAU,2001,Restricted
Saudi Arabia,SAU,2002,Restricted
Saudi Arabia,SAU,2003,Restricted
Saudi Arabia,SAU,2004,Restricted
Saudi Arabia,SAU,2005,Restricted
Saudi Arabia,SAU,2006,Restricted
Saudi Arabia,SAU,2007,Restricted
Saudi Arabia,SAU,2008,Restricted
Saudi Arabia,SAU,2009,Restricted
Saudi Arabia,SAU,2010,Restricted
Saudi Arabia,SAU,2011,Restricted
Saudi Arabia,SAU,2012,Restricted
Saudi Arabia,SAU,2013,Restricted
Saudi Arabia,SAU,2014,Banned
Saudi Arabia,SAU,2015,Banned
Saudi Arabia,SAU,2016,Banned
Saudi Arabia,SAU,2017,Banned
Saudi Arabia,SAU,2018,Banned
Saudi Arabia,SAU,2019,Banned
Saudi Arabia,SAU,2020,Banned
Saudi Arabia,SAU,2021,Banned
Saudi Arabia,SAU,2022,Banned
Saudi Arabia,SAU,2023,Banned
Saudi Arabia,SAU,2024,Banned
Saudi Arabia,SAU,2025,Banned
Serbia,SRB,2005,"Legal, but restricted for minors"
Serbia,SRB,2006,"Legal, but restricted for minors"
Serbia,SRB,2007,"Legal, but restricted for minors"
Serbia,SRB,2008,"Legal, but restricted for minors"
Serbia,SRB,2009,"Legal, but restricted for minors"
Serbia,SRB,2010,"Legal, but restricted for minors"
Serbia,SRB,2011,"Legal, but restricted for minors"
Serbia,SRB,2012,"Legal, but restricted for minors"
Serbia,SRB,2013,"Legal, but restricted for minors"
Serbia,SRB,2014,"Legal, but restricted for minors"
Serbia,SRB,2015,"Legal, but restricted for minors"
Serbia,SRB,2016,"Legal, but restricted for minors"
Serbia,SRB,2017,"Legal, but restricted for minors"
Serbia,SRB,2018,"Legal, but restricted for minors"
Serbia,SRB,2019,"Legal, but restricted for minors"
Serbia,SRB,2020,"Legal, but restricted for minors"
Serbia,SRB,2021,"Legal, but restricted for minors"
Serbia,SRB,2022,"Legal, but restricted for minors"
Serbia,SRB,2023,"Legal, but restricted for minors"
Serbia,SRB,2024,"Legal, but restricted for minors"
Serbia,SRB,2025,"Legal, but restricted for minors"
Singapore,SGP,1973,"Legal, but restricted for minors"
Singapore,SGP,1974,"Legal, but restricted for minors"
Singapore,SGP,1975,"Legal, but restricted for minors"
Singapore,SGP,1976,"Legal, but restricted for minors"
Singapore,SGP,1977,"Legal, but restricted for minors"
Singapore,SGP,1978,"Legal, but restricted for minors"
Singapore,SGP,1979,"Legal, but restricted for minors"
Singapore,SGP,1980,"Legal, but restricted for minors"
Singapore,SGP,1981,"Legal, but restricted for minors"
Singapore,SGP,1982,"Legal, but restricted for minors"
Singapore,SGP,1983,"Legal, but restricted for minors"
Singapore,SGP,1984,"Legal, but restricted for minors"
Singapore,SGP,1985,"Legal, but restricted for minors"
Singapore,SGP,1986,"Legal, but restricted for minors"
Singapore,SGP,1987,"Legal, but restricted for minors"
Singapore,SGP,1988,"Legal, but restricted for minors"
Singapore,SGP,1989,"Legal, but restricted for minors"
Singapore,SGP,1990,"Legal, but restricted for minors"
Singapore,SGP,1991,"Legal, but restricted for minors"
Singapore,SGP,1992,"Legal, but restricted for minors"
Singapore,SGP,1993,"Legal, but restricted for minors"
Singapore,SGP,1994,"Legal, but restricted for minors"
Singapore,SGP,1995,"Legal, but restricted for minors"
Singapore,SGP,1996,"Legal, but restricted for minors"
Singapore,SGP,1997,"Legal, but restricted for minors"
Singapore,SGP,1998,"Legal, but restricted for minors"
Singapore,SGP,1999,"Legal, but restricted for minors"
Singapore,SGP,2000,"Legal, but restricted for minors"
Singapore,SGP,2001,"Legal, but restricted for minors"
Singapore,SGP,2002,"Legal, but restricted for minors"
Singapore,SGP,2003,"Legal, but restricted for minors"
Singapore,SGP,2004,"Legal, but restricted for minors"
Singapore,SGP,2005,"Legal, but restricted for minors"
Singapore,SGP,2006,"Legal, but restricted for minors"
Singapore,SGP,2007,"Legal, but restricted for minors"
Singapore,SGP,2008,"Legal, but restricted for minors"
Singapore,SGP,2009,"Legal, but restricted for minors"
Singapore,SGP,2010,"Legal, but restricted for minors"
Singapore,SGP,2011,"Legal, but restricted for minors"
Singapore,SGP,2012,"Legal, but restricted for minors"
Singapore,SGP,2013,"Legal, but restricted for minors"
Singapore,SGP,2014,"Legal, but restricted for minors"
Singapore,SGP,2015,"Legal, but restricted for minors"
Singapore,SGP,2016,"Legal, but restricted for minors"
Singapore,SGP,2017,"Legal, but restricted for minors"
Singapore,SGP,2018,"Legal, but restricted for minors"
Singapore,SGP,2019,"Legal, but restricted for minors"
Singapore,SGP,2020,"Legal, but restricted for minors"
Singapore,SGP,2021,"Legal, but restricted for minors"
Singapore,SGP,2022,"Legal, but restricted for minors"
Singapore,SGP,2023,"Legal, but restricted for minors"
Singapore,SGP,2024,"Legal, but restricted for minors"
Singapore,SGP,2025,"Legal, but restricted for minors"
Slovakia,SVK,2022,Restricted
Slovakia,SVK,2023,Legal
Slovakia,SVK,2024,Legal
Slovakia,SVK,2025,Legal
Slovenia,SVN,2025,Legal
Somalia,SOM,2025,Banned
South Africa,ZAF,2025,Legal
South Korea,KOR,2025,Restricted
South Sudan,SSD,1990,Restricted
South Sudan,SSD,1991,Restricted
South Sudan,SSD,1992,Restricted
South Sudan,SSD,1993,Restricted
South Sudan,SSD,1994,Restricted
South Sudan,SSD,1995,Restricted
South Sudan,SSD,1996,Restricted
South Sudan,SSD,1997,Restricted
South Sudan,SSD,1998,Restricted
South Sudan,SSD,1999,Restricted
South Sudan,SSD,2000,Restricted
South Sudan,SSD,2001,Restricted
South Sudan,SSD,2002,Restricted
South Sudan,SSD,2003,Restricted
South Sudan,SSD,2004,Restricted
South Sudan,SSD,2005,Restricted
South Sudan,SSD,2006,Restricted
South Sudan,SSD,2007,Restricted
South Sudan,SSD,2008,Restricted
South Sudan,SSD,2009,Restricted
South Sudan,SSD,2010,Restricted
South Sudan,SSD,2011,Restricted
South Sudan,SSD,2012,Restricted
South Sudan,SSD,2013,Restricted
South Sudan,SSD,2014,Restricted
South Sudan,SSD,2015,Restricted
South Sudan,SSD,2016,Restricted
South Sudan,SSD,2017,Restricted
South Sudan,SSD,2018,Restricted
South Sudan,SSD,2019,Restricted
South Sudan,SSD,2020,Restricted
South Sudan,SSD,2021,Restricted
South Sudan,SSD,2022,Restricted
South Sudan,SSD,2023,Restricted
South Sudan,SSD,2024,Restricted
South Sudan,SSD,2025,Restricted
Spain,ESP,2025,Varies by region
Sri Lanka,LKA,2025,Restricted
Sudan,SDN,1990,Restricted
Sudan,SDN,1991,Restricted
Sudan,SDN,1992,Restricted
Sudan,SDN,1993,Restricted
Sudan,SDN,1994,Restricted
Sudan,SDN,1995,Restricted
Sudan,SDN,1996,Restricted
Sudan,SDN,1997,Restricted
Sudan,SDN,1998,Restricted
Sudan,SDN,1999,Restricted
Sudan,SDN,2000,Restricted
Sudan,SDN,2001,Restricted
Sudan,SDN,2002,Restricted
Sudan,SDN,2003,Restricted
Sudan,SDN,2004,Restricted
Sudan,SDN,2005,Restricted
Sudan,SDN,2006,Restricted
Sudan,SDN,2007,Restricted
Sudan,SDN,2008,Restricted
Sudan,SDN,2009,Restricted
Sudan,SDN,2010,Restricted
Sudan,SDN,2011,Restricted
Sudan,SDN,2012,Restricted
Sudan,SDN,2013,Restricted
Sudan,SDN,2014,Restricted
Sudan,SDN,2015,Restricted
Sudan,SDN,2016,Restricted
Sudan,SDN,2017,Restricted
Sudan,SDN,2018,Restricted
Sudan,SDN,2019,Restricted
Sudan,SDN,2020,Restricted
Sudan,SDN,2021,Restricted
Sudan,SDN,2022,Restricted
Sudan,SDN,2023,Restricted
Sudan,SDN,2024,Restricted
Sudan,SDN,2025,Restricted
Suriname,SUR,2025,Restricted
Sweden,SWE,1972,Legal
Sweden,SWE,1973,Legal
Sweden,SWE,1974,Legal
Sweden,SWE,1975,Legal
Sweden,SWE,1976,Legal
Sweden,SWE,1977,Legal
Sweden,SWE,1978,Legal
Sweden,SWE,1979,Legal
Sweden,SWE,1980,Legal
Sweden,SWE,1981,Legal
Sweden,SWE,1982,Legal
Sweden,SWE,1983,Legal
Sweden,SWE,1984,Legal
Sweden,SWE,1985,Legal
Sweden,SWE,1986,Legal
Sweden,SWE,1987,Legal
Sweden,SWE,1988,Legal
Sweden,SWE,1989,Legal
Sweden,SWE,1990,Legal
Sweden,SWE,1991,Legal
Sweden,SWE,1992,Legal
Sweden,SWE,1993,Legal
Sweden,SWE,1994,Legal
Sweden,SWE,1995,Legal
Sweden,SWE,1996,Legal
Sweden,SWE,1997,Legal
Sweden,SWE,1998,Legal
Sweden,SWE,1999,Legal
Sweden,SWE,2000,Legal
Sweden,SWE,2001,Legal
Sweden,SWE,2002,Legal
Sweden,SWE,2003,Legal
Sweden,SWE,2004,Legal
Sweden,SWE,2005,Legal
Sweden,SWE,2006,Legal
Sweden,SWE,2007,Legal
Sweden,SWE,2008,Legal
Sweden,SWE,2009,Legal
Sweden,SWE,2010,Legal
Sweden,SWE,2011,Legal
Sweden,SWE,2012,Legal
Sweden,SWE,2013,Legal
Sweden,SWE,2014,Legal
Sweden,SWE,2015,Legal
Sweden,SWE,2016,Legal
Sweden,SWE,2017,Legal
Sweden,SWE,2018,Legal
Sweden,SWE,2019,Legal
Sweden,SWE,2020,Legal
Sweden,SWE,2021,Legal
Sweden,SWE,2022,"Legal, but restricted for minors"
Sweden,SWE,2023,"Legal, but restricted for minors"
Sweden,SWE,2024,"Legal, but restricted for minors"
Sweden,SWE,2025,"Legal, but restricted for minors"
Switzerland,CHE,1988,Legal
Switzerland,CHE,1989,Legal
Switzerland,CHE,1990,Legal
Switzerland,CHE,1991,Legal
Switzerland,CHE,1992,Legal
Switzerland,CHE,1993,Legal
Switzerland,CHE,1994,Legal
Switzerland,CHE,1995,Legal
Switzerland,CHE,1996,Legal
Switzerland,CHE,1997,Legal
Switzerland,CHE,1998,Legal
Switzerland,CHE,1999,Legal
Switzerland,CHE,2000,Legal
Switzerland,CHE,2001,Legal
Switzerland,CHE,2002,Legal
Switzerland,CHE,2003,Legal
Switzerland,CHE,2004,Legal
Switzerland,CHE,2005,Legal
Switzerland,CHE,2006,Legal
Switzerland,CHE,2007,Legal
Switzerland,CHE,2008,Legal
Switzerland,CHE,2009,Legal
Switzerland,CHE,2010,Legal
Switzerland,CHE,2011,Legal
Switzerland,CHE,2012,Legal
Switzerland,CHE,2013,Legal
Switzerland,CHE,2014,Legal
Switzerland,CHE,2015,Legal
Switzerland,CHE,2016,Legal
Switzerland,CHE,2017,Legal
Switzerland,CHE,2018,Legal
Switzerland,CHE,2019,Legal
Switzerland,CHE,2020,Legal
Switzerland,CHE,2021,Legal
Switzerland,CHE,2022,Legal
Switzerland,CHE,2023,Legal
Switzerland,CHE,2024,Legal
Switzerland,CHE,2025,Legal
Syria,SYR,2011,Restricted
Syria,SYR,2012,Restricted
Syria,SYR,2013,Restricted
Syria,SYR,2014,Restricted
Syria,SYR,2015,Restricted
Syria,SYR,2016,Restricted
Syria,SYR,2017,Restricted
Syria,SYR,2018,Restricted
Syria,SYR,2019,Restricted
Syria,SYR,2020,Restricted
Syria,SYR,2021,Restricted
Syria,SYR,2022,Restricted
Syria,SYR,2023,Restricted
Syria,SYR,2024,Restricted
Syria,SYR,2025,Restricted
Taiwan,TWN,2014,Legal
Taiwan,TWN,2015,Legal
Taiwan,TWN,2016,Legal
Taiwan,TWN,2017,Legal
Taiwan,TWN,2018,Legal
Taiwan,TWN,2019,Legal
Taiwan,TWN,2020,Legal
Taiwan,TWN,2021,Legal
Taiwan,TWN,2022,Legal
Taiwan,TWN,2023,Legal
Taiwan,TWN,2024,Legal
Taiwan,TWN,2025,Legal
Tajikistan,TJK,2025,Restricted
Tanzania,TZA,1994,Restricted
Tanzania,TZA,1995,Restricted
Tanzania,TZA,1996,Restricted
Tanzania,TZA,1997,Restricted
Tanzania,TZA,1998,Restricted
Tanzania,TZA,1999,Restricted
Tanzania,TZA,2000,Restricted
Tanzania,TZA,2001,Restricted
Tanzania,TZA,2002,Restricted
Tanzania,TZA,2003,Restricted
Tanzania,TZA,2004,Restricted
Tanzania,TZA,2005,Restricted
Tanzania,TZA,2006,Restricted
Tanzania,TZA,2007,Restricted
Tanzania,TZA,2008,Restricted
Tanzania,TZA,2009,Restricted
Tanzania,TZA,2010,Restricted
Tanzania,TZA,2011,Restricted
Tanzania,TZA,2012,Restricted
Tanzania,TZA,2013,Restricted
Tanzania,TZA,2014,Restricted
Tanzania,TZA,2015,Restricted
Tanzania,TZA,2016,Restricted
Tanzania,TZA,2017,Restricted
Tanzania,TZA,2018,Restricted
Tanzania,TZA,2019,Restricted
Tanzania,TZA,2020,Restricted
Tanzania,TZA,2021,Restricted
Tanzania,TZA,2022,Restricted
Tanzania,TZA,2023,Restricted
Tanzania,TZA,2024,Restricted
Tanzania,TZA,2025,Restricted
Thailand,THA,2025,Legal
Togo,TGO,2025,Ambiguous
Trinidad and Tobago,TTO,2025,Legal
Tunisia,TUN,2025,Restricted
Turkey,TUR,1988,"Legal, but restricted for minors"
Turkey,TUR,1989,"Legal, but restricted for minors"
Turkey,TUR,1990,"Legal, but restricted for minors"
Turkey,TUR,1991,"Legal, but restricted for minors"
Turkey,TUR,1992,"Legal, but restricted for minors"
Turkey,TUR,1993,"Legal, but restricted for minors"
Turkey,TUR,1994,"Legal, but restricted for minors"
Turkey,TUR,1995,"Legal, but restricted for minors"
Turkey,TUR,1996,"Legal, but restricted for minors"
Turkey,TUR,1997,"Legal, but restricted for minors"
Turkey,TUR,1998,"Legal, but restricted for minors"
Turkey,TUR,1999,"Legal, but restricted for minors"
Turkey,TUR,2000,"Legal, but restricted for minors"
Turkey,TUR,2001,"Legal, but restricted for minors"
Turkey,TUR,2002,"Legal, but restricted for minors"
Turkey,TUR,2003,"Legal, but restricted for minors"
Turkey,TUR,2004,"Legal, but restricted for minors"
Turkey,TUR,2005,"Legal, but restricted for minors"
Turkey,TUR,2006,"Legal, but restricted for minors"
Turkey,TUR,2007,"Legal, but restricted for minors"
Turkey,TUR,2008,"Legal, but restricted for minors"
Turkey,TUR,2009,"Legal, but restricted for minors"
Turkey,TUR,2010,"Legal, but restricted for minors"
Turkey,TUR,2011,"Legal, but restricted for minors"
Turkey,TUR,2012,"Legal, but restricted for minors"
Turkey,TUR,2013,"Legal, but restricted for minors"
Turkey,TUR,2014,"Legal, but restricted for minors"
Turkey,TUR,2015,"Legal, but restricted for minors"
Turkey,TUR,2016,"Legal, but restricted for minors"
Turkey,TUR,2017,"Legal, but restricted for minors"
Turkey,TUR,2018,"Legal, but restricted for minors"
Turkey,TUR,2019,"Legal, but restricted for minors"
Turkey,TUR,2020,"Legal, but restricted for minors"
Turkey,TUR,2021,"Legal, but restricted for minors"
Turkey,TUR,2022,"Legal, but restricted for minors"
Turkey,TUR,2023,"Legal, but restricted for minors"
Turkey,TUR,2024,"Legal, but restricted for minors"
Turkey,TUR,2025,"Legal, but restricted for minors"
Turkmenistan,TKM,2025,Restricted
Uganda,UGA,2023,Banned
Uganda,UGA,2024,Banned
Uganda,UGA,2025,Banned
Ukraine,UKR,1950,Restricted
Ukraine,UKR,1951,Restricted
Ukraine,UKR,1952,Restricted
Ukraine,UKR,1953,Restricted
Ukraine,UKR,1954,Restricted
Ukraine,UKR,1955,Restricted
Ukraine,UKR,1956,Restricted
Ukraine,UKR,1957,Restricted
Ukraine,UKR,1958,Restricted
Ukraine,UKR,1959,Restricted
Ukraine,UKR,1960,Restricted
Ukraine,UKR,1961,Restricted
Ukraine,UKR,1962,Restricted
Ukraine,UKR,1963,Restricted
Ukraine,UKR,1964,Restricted
Ukraine,UKR,1965,Restricted
Ukraine,UKR,1966,Restricted
Ukraine,UKR,1967,Restricted
Ukraine,UKR,1968,Restricted
Ukraine,UKR,1969,Restricted
Ukraine,UKR,1970,Restricted
Ukraine,UKR,1971,Restricted
Ukraine,UKR,1972,Restricted
Ukraine,UKR,1973,Restricted
Ukraine,UKR,1974,Restricted
Ukraine,UKR,1975,Restricted
Ukraine,UKR,1976,Restricted
Ukraine,UKR,1977,Restricted
Ukraine,UKR,1978,Restricted
Ukraine,UKR,1979,Restricted
Ukraine,UKR,1980,Restricted
Ukraine,UKR,1981,Restricted
Ukraine,UKR,1982,Restricted
Ukraine,UKR,2016,"Legal, but banned for minors"
Ukraine,UKR,2017,"Legal, but banned for minors"
Ukraine,UKR,2018,"Legal, but banned for minors"
Ukraine,UKR,2019,"Legal, but banned for minors"
Ukraine,UKR,2020,"Legal, but banned for minors"
Ukraine,UKR,2021,"Legal, but banned for minors"
Ukraine,UKR,2022,"Legal, but banned for minors"
Ukraine,UKR,2023,"Legal, but banned for minors"
Ukraine,UKR,2024,"Legal, but banned for minors"
Ukraine,UKR,2025,"Legal, but banned for minors"
United Arab Emirates,ARE,2025,Banned
United Kingdom,GBR,2024,"Legal, but banned for minors"
United Kingdom,GBR,2025,"Legal, but banned for minors"
United States,USA,2021,Varies by region
United States,USA,2022,Varies by region
United States,USA,2023,Varies by region
United States,USA,2024,Varies by region
United States,USA,2025,Varies by region
Uruguay,URY,2018,Legal
Uruguay,URY,2019,Legal
Uruguay,URY,2020,Legal
Uruguay,URY,2021,Legal
Uruguay,URY,2022,Legal
Uruguay,URY,2023,Legal
Uruguay,URY,2024,Legal
Uruguay,URY,2025,Legal
Uzbekistan,UZB,2025,Legal
Vanuatu,VUT,2025,Restricted
Venezuela,VEN,2025,Restricted
Vietnam,VNM,2008,Legal
Vietnam,VNM,2009,Legal
Vietnam,VNM,2010,Legal
Vietnam,VNM,2011,Legal
Vietnam,VNM,2012,Legal
Vietnam,VNM,2013,Legal
Vietnam,VNM,2014,Legal
Vietnam,VNM,2015,Legal
Vietnam,VNM,2016,Legal
Vietnam,VNM,2017,Legal
Vietnam,VNM,2018,Legal
Vietnam,VNM,2019,Legal
Vietnam,VNM,2020,Legal
Vietnam,VNM,2021,Legal
Vietnam,VNM,2022,Legal
Vietnam,VNM,2023,Legal
Vietnam,VNM,2024,Legal
Vietnam,VNM,2025,Legal
Yemen,YEM,2025,Banned
Zambia,ZMB,2025,Banned
Zimbabwe,ZWE,2025,Restricted