Entity,Code,Year,Censorship of LGBT+ issues (historical)
Afghanistan,AFG,2021,Imprisonment as punishment
Afghanistan,AFG,2022,Imprisonment as punishment
Afghanistan,AFG,2023,Imprisonment as punishment
Afghanistan,AFG,2024,Imprisonment as punishment
Afghanistan,AFG,2025,Imprisonment as punishment
Albania,ALB,2025,No censorship
Algeria,DZA,1982,Imprisonment as punishment
Algeria,DZA,1983,Imprisonment as punishment
Algeria,DZA,1984,Imprisonment as punishment
Algeria,DZA,1985,Imprisonment as punishment
Algeria,DZA,1986,Imprisonment as punishment
Algeria,DZA,1987,Imprisonment as punishment
Algeria,DZA,1988,Imprisonment as punishment
Algeria,DZA,1989,Imprisonment as punishment
Algeria,DZA,1990,Imprisonment as punishment
Algeria,DZA,1991,Imprisonment as punishment
Algeria,DZA,1992,Imprisonment as punishment
Algeria,DZA,1993,Imprisonment as punishment
Algeria,DZA,1994,Imprisonment as punishment
Algeria,DZA,1995,Imprisonment as punishment
Algeria,DZA,1996,Imprisonment as punishment
Algeria,DZA,1997,Imprisonment as punishment
Algeria,DZA,1998,Imprisonment as punishment
Algeria,DZA,1999,Imprisonment as punishment
Algeria,DZA,2000,Imprisonment as punishment
Algeria,DZA,2001,Imprisonment as punishment
Algeria,DZA,2002,Imprisonment as punishment
Algeria,DZA,2003,Imprisonment as punishment
Algeria,DZA,2004,Imprisonment as punishment
Algeria,DZA,2005,Imprisonment as punishment
Algeria,DZA,2006,Imprisonment as punishment
Algeria,DZA,2007,Imprisonment as punishment
Algeria,DZA,2008,Imprisonment as punishment
Algeria,DZA,2009,Imprisonment as punishment
Algeria,DZA,2010,Imprisonment as punishment
Algeria,DZA,2011,Imprisonment as punishment
Algeria,DZA,2012,Imprisonment as punishment
Algeria,DZA,2013,Imprisonment as punishment
Algeria,DZA,2014,Imprisonment as punishment
Algeria,DZA,2015,Imprisonment as punishment
Algeria,DZA,2016,Imprisonment as punishment
Algeria,DZA,2017,Imprisonment as punishment
Algeria,DZA,2018,Imprisonment as punishment
Algeria,DZA,2019,Imprisonment as punishment
Algeria,DZA,2020,Imprisonment as punishment
Algeria,DZA,2021,Imprisonment as punishment
Algeria,DZA,2022,Imprisonment as punishment
Algeria,DZA,2023,Imprisonment as punishment
Algeria,DZA,2024,Imprisonment as punishment
Algeria,DZA,2025,Imprisonment as punishment
Andorra,AND,2025,No censorship
Angola,AGO,2025,No censorship
Antigua and Barbuda,ATG,2025,No censorship
Argentina,ARG,2025,No censorship
Armenia,ARM,2025,No censorship
Australia,AUS,1990,Varies by region
Australia,AUS,1991,Varies by region
Australia,AUS,1992,Varies by region
Australia,AUS,1993,Varies by region
Australia,AUS,1994,Varies by region
Australia,AUS,1995,Varies by region
Australia,AUS,1996,Varies by region
Australia,AUS,1997,Varies by region
Australia,AUS,1998,Varies by region
Australia,AUS,1999,Varies by region
Australia,AUS,2000,Varies by region
Australia,AUS,2001,Varies by region
Australia,AUS,2002,No censorship
Australia,AUS,2003,No censorship
Australia,AUS,2004,No censorship
Australia,AUS,2005,No censorship
Australia,AUS,2006,No censorship
Australia,AUS,2007,No censorship
Australia,AUS,2008,No censorship
Australia,AUS,2009,No censorship
Australia,AUS,2010,No censorship
Australia,AUS,2011,No censorship
Australia,AUS,2012,No censorship
Australia,AUS,2013,No censorship
Australia,AUS,2014,No censorship
Australia,AUS,2015,No censorship
Australia,AUS,2016,No censorship
Australia,AUS,2017,No censorship
Australia,AUS,2018,No censorship
Australia,AUS,2019,No censorship
Australia,AUS,2020,No censorship
Australia,AUS,2021,No censorship
Australia,AUS,2022,No censorship
Australia,AUS,2023,No censorship
Australia,AUS,2024,No censorship
Australia,AUS,2025,No censorship
Austria,AUT,1971,State-enforced
Austria,AUT,1972,State-enforced
Austria,AUT,1973,State-enforced
Austria,AUT,1974,State-enforced
Austria,AUT,1975,State-enforced
Austria,AUT,1976,State-enforced
Austria,AUT,1977,State-enforced
Austria,AUT,1978,State-enforced
Austria,AUT,1979,State-enforced
Austria,AUT,1980,State-enforced
Austria,AUT,1981,State-enforced
Austria,AUT,1982,State-enforced
Austria,AUT,1983,State-enforced
Austria,AUT,1984,State-enforced
Austria,AUT,1985,State-enforced
Austria,AUT,1986,State-enforced
Austria,AUT,1987,State-enforced
Austria,AUT,1988,State-enforced
Austria,AUT,1989,State-enforced
Austria,AUT,1990,State-enforced
Austria,AUT,1991,State-enforced
Austria,AUT,1992,State-enforced
Austria,AUT,1993,State-enforced
Austria,AUT,1994,State-enforced
Austria,AUT,1995,State-enforced
Austria,AUT,1996,State-enforced
Austria,AUT,1997,State-enforced
Austria,AUT,1998,No censorship
Austria,AUT,1999,No censorship
Austria,AUT,2000,No censorship
Austria,AUT,2001,No censorship
Austria,AUT,2002,No censorship
Austria,AUT,2003,No censorship
Austria,AUT,2004,No censorship
Austria,AUT,2005,No censorship
Austria,AUT,2006,No censorship
Austria,AUT,2007,No censorship
Austria,AUT,2008,No censorship
Austria,AUT,2009,No censorship
Austria,AUT,2010,No censorship
Austria,AUT,2011,No censorship
Austria,AUT,2012,No censorship
Austria,AUT,2013,No censorship
Austria,AUT,2014,No censorship
Austria,AUT,2015,No censorship
Austria,AUT,2016,No censorship
Austria,AUT,2017,No censorship
Austria,AUT,2018,No censorship
Austria,AUT,2019,No censorship
Austria,AUT,2020,No censorship
Austria,AUT,2021,No censorship
Austria,AUT,2022,No censorship
Austria,AUT,2023,No censorship
Austria,AUT,2024,No censorship
Austria,AUT,2025,No censorship
Azerbaijan,AZE,2017,State-enforced
Azerbaijan,AZE,2018,State-enforced
Azerbaijan,AZE,2019,State-enforced
Azerbaijan,AZE,2020,State-enforced
Azerbaijan,AZE,2021,State-enforced
Azerbaijan,AZE,2022,State-enforced
Azerbaijan,AZE,2023,State-enforced
Azerbaijan,AZE,2024,State-enforced
Azerbaijan,AZE,2025,State-enforced
Bahamas,BHS,2025,No censorship
Bahrain,BHR,1976,Imprisonment as punishment
Bahrain,BHR,1977,Imprisonment as punishment
Bahrain,BHR,1978,Imprisonment as punishment
Bahrain,BHR,1979,Imprisonment as punishment
Bahrain,BHR,1980,Imprisonment as punishment
Bahrain,BHR,1981,Imprisonment as punishment
Bahrain,BHR,1982,Imprisonment as punishment
Bahrain,BHR,1983,Imprisonment as punishment
Bahrain,BHR,1984,Imprisonment as punishment
Bahrain,BHR,1985,Imprisonment as punishment
Bahrain,BHR,1986,Imprisonment as punishment
Bahrain,BHR,1987,Imprisonment as punishment
Bahrain,BHR,1988,Imprisonment as punishment
Bahrain,BHR,1989,Imprisonment as punishment
Bahrain,BHR,1990,Imprisonment as punishment
Bahrain,BHR,1991,Imprisonment as punishment
Bahrain,BHR,1992,Imprisonment as punishment
Bahrain,BHR,1993,Imprisonment as punishment
Bahrain,BHR,1994,Imprisonment as punishment
Bahrain,BHR,1995,Imprisonment as punishment
Bahrain,BHR,1996,Imprisonment as punishment
Bahrain,BHR,1997,Imprisonment as punishment
Bahrain,BHR,1998,Imprisonment as punishment
Bahrain,BHR,1999,Imprisonment as punishment
Bahrain,BHR,2000,Imprisonment as punishment
Bahrain,BHR,2001,Imprisonment as punishment
Bahrain,BHR,2002,Imprisonment as punishment
Bahrain,BHR,2003,Imprisonment as punishment
Bahrain,BHR,2004,Imprisonment as punishment
Bahrain,BHR,2005,Imprisonment as punishment
Bahrain,BHR,2006,Imprisonment as punishment
Bahrain,BHR,2007,Imprisonment as punishment
Bahrain,BHR,2008,Imprisonment as punishment
Bahrain,BHR,2009,Imprisonment as punishment
Bahrain,BHR,2010,Imprisonment as punishment
Bahrain,BHR,2011,Imprisonment as punishment
Bahrain,BHR,2012,Imprisonment as punishment
Bahrain,BHR,2013,Imprisonment as punishment
Bahrain,BHR,2014,Imprisonment as punishment
Bahrain,BHR,2015,Imprisonment as punishment
Bahrain,BHR,2016,Imprisonment as punishment
Bahrain,BHR,2017,Imprisonment as punishment
Bahrain,BHR,2018,Imprisonment as punishment
Bahrain,BHR,2019,Imprisonment as punishment
Bahrain,BHR,2020,Imprisonment as punishment
Bahrain,BHR,2021,Imprisonment as punishment
Bahrain,BHR,2022,Imprisonment as punishment
Bahrain,BHR,2023,Imprisonment as punishment
Bahrain,BHR,2024,Imprisonment as punishment
Bahrain,BHR,2025,Imprisonment as punishment
Bangladesh,BGD,2025,State-enforced
Barbados,BRB,2025,No censorship
Belarus,BLR,1994,Imprisonment as punishment
Belarus,BLR,1995,Imprisonment as punishment
Belarus,BLR,1996,Imprisonment as punishment
Belarus,BLR,1997,Imprisonment as punishment
Belarus,BLR,1998,Imprisonment as punishment
Belarus,BLR,1999,Imprisonment as punishment
Belarus,BLR,2000,Imprisonment as punishment
Belarus,BLR,2001,Imprisonment as punishment
Belarus,BLR,2002,Imprisonment as punishment
Belarus,BLR,2003,Imprisonment as punishment
Belarus,BLR,2004,Imprisonment as punishment
Belarus,BLR,2005,Imprisonment as punishment
Belarus,BLR,2006,Imprisonment as punishment
Belarus,BLR,2007,Imprisonment as punishment
Belarus,BLR,2008,Imprisonment as punishment
Belarus,BLR,2009,Imprisonment as punishment
Belarus,BLR,2010,Imprisonment as punishment
Belarus,BLR,2011,Imprisonment as punishment
Belarus,BLR,2012,Imprisonment as punishment
Belarus,BLR,2013,Imprisonment as punishment
Belarus,BLR,2014,Imprisonment as punishment
Belarus,BLR,2015,Imprisonment as punishment
Belarus,BLR,2016,State-enforced
Belarus,BLR,2017,State-enforced
Belarus,BLR,2018,State-enforced
Belarus,BLR,2019,State-enforced
Belarus,BLR,2020,Imprisonment as punishment
Belarus,BLR,2021,Imprisonment as punishment
Belarus,BLR,2022,Imprisonment as punishment
Belarus,BLR,2023,Imprisonment as punishment
Belarus,BLR,2024,Imprisonment as punishment
Belarus,BLR,2025,Imprisonment as punishment
Belgium,BEL,2025,No censorship
Belize,BLZ,2025,No censorship
Benin,BEN,2025,No censorship
Bhutan,BTN,2025,No censorship
Bolivia,BOL,2025,No censorship
Bosnia and Herzegovina,BIH,2025,No censorship
Botswana,BWA,2025,No censorship
Brazil,BRA,1988,No censorship
Brazil,BRA,1989,No censorship
Brazil,BRA,1990,No censorship
Brazil,BRA,1991,No censorship
Brazil,BRA,1992,No censorship
Brazil,BRA,1993,No censorship
Brazil,BRA,1994,No censorship
Brazil,BRA,1995,No censorship
Brazil,BRA,1996,No censorship
Brazil,BRA,1997,No censorship
Brazil,BRA,1998,No censorship
Brazil,BRA,1999,No censorship
Brazil,BRA,2000,No censorship
Brazil,BRA,2001,No censorship
Brazil,BRA,2002,No censorship
Brazil,BRA,2003,No censorship
Brazil,BRA,2004,No censorship
Brazil,BRA,2005,No censorship
Brazil,BRA,2006,No censorship
Brazil,BRA,2007,No censorship
Brazil,BRA,2008,No censorship
Brazil,BRA,2009,No censorship
Brazil,BRA,2010,No censorship
Brazil,BRA,2011,No censorship
Brazil,BRA,2012,No censorship
Brazil,BRA,2013,No censorship
Brazil,BRA,2014,Varies by region
Brazil,BRA,2015,Varies by region
Brazil,BRA,2016,Varies by region
Brazil,BRA,2017,Varies by region
Brazil,BRA,2018,Varies by region
Brazil,BRA,2019,Varies by region
Brazil,BRA,2020,Varies by region
Brazil,BRA,2021,Varies by region
Brazil,BRA,2022,Varies by region
Brazil,BRA,2023,Varies by region
Brazil,BRA,2024,Varies by region
Brazil,BRA,2025,Varies by region
Brunei,BRN,2025,Other punishment
Bulgaria,BGR,1990,No censorship
Bulgaria,BGR,1991,No censorship
Bulgaria,BGR,1992,No censorship
Bulgaria,BGR,1993,No censorship
Bulgaria,BGR,1994,No censorship
Bulgaria,BGR,1995,No censorship
Bulgaria,BGR,1996,No censorship
Bulgaria,BGR,1997,No censorship
Bulgaria,BGR,1998,No censorship
Bulgaria,BGR,1999,No censorship
Bulgaria,BGR,2000,No censorship
Bulgaria,BGR,2001,No censorship
Bulgaria,BGR,2002,No censorship
Bulgaria,BGR,2003,No censorship
Bulgaria,BGR,2004,No censorship
Bulgaria,BGR,2005,No censorship
Bulgaria,BGR,2006,No censorship
Bulgaria,BGR,2007,No censorship
Bulgaria,BGR,2008,No censorship
Bulgaria,BGR,2009,No censorship
Bulgaria,BGR,2010,No censorship
Bulgaria,BGR,2011,No censorship
Bulgaria,BGR,2012,No censorship
Bulgaria,BGR,2013,No censorship
Bulgaria,BGR,2014,No censorship
Bulgaria,BGR,2015,No censorship
Bulgaria,BGR,2016,No censorship
Bulgaria,BGR,2017,No censorship
Bulgaria,BGR,2018,No censorship
Bulgaria,BGR,2019,No censorship
Bulgaria,BGR,2020,No censorship
Bulgaria,BGR,2021,No censorship
Bulgaria,BGR,2022,No censorship
Bulgaria,BGR,2023,No censorship
Bulgaria,BGR,2024,State-enforced
Bulgaria,BGR,2025,State-enforced
Burkina Faso,BFA,2023,State-enforced
Burkina Faso,BFA,2024,State-enforced
Burkina Faso,BFA,2025,State-enforced
Burundi,BDI,2009,Fine as punishment
Burundi,BDI,2010,Fine as punishment
Burundi,BDI,2011,Fine as punishment
Burundi,BDI,2012,Fine as punishment
Burundi,BDI,2013,Fine as punishment
Burundi,BDI,2014,Fine as punishment
Burundi,BDI,2015,Fine as punishment
Burundi,BDI,2016,Fine as punishment
Burundi,BDI,2017,Fine as punishment
Burundi,BDI,2018,Fine as punishment
Burundi,BDI,2019,Fine as punishment
Burundi,BDI,2020,Fine as punishment
Burundi,BDI,2021,Fine as punishment
Burundi,BDI,2022,Fine as punishment
Burundi,BDI,2023,Fine as punishment
Burundi,BDI,2024,Fine as punishment
Burundi,BDI,2025,Fine as punishment
Cambodia,KHM,2025,No censorship
Cameroon,CMR,2010,Imprisonment as punishment
Cameroon,CMR,2011,Imprisonment as punishment
Cameroon,CMR,2012,Imprisonment as punishment
Cameroon,CMR,2013,Imprisonment as punishment
Cameroon,CMR,2014,Imprisonment as punishment
Cameroon,CMR,2015,Imprisonment as punishment
Cameroon,CMR,2016,Imprisonment as punishment
Cameroon,CMR,2017,Imprisonment as punishment
Cameroon,CMR,2018,Imprisonment as punishment
Cameroon,CMR,2019,Imprisonment as punishment
Cameroon,CMR,2020,Imprisonment as punishment
Cameroon,CMR,2021,Imprisonment as punishment
Cameroon,CMR,2022,Imprisonment as punishment
Cameroon,CMR,2023,Imprisonment as punishment
Cameroon,CMR,2024,Imprisonment as punishment
Cameroon,CMR,2025,Imprisonment as punishment
Canada,CAN,2025,No censorship
Cape Verde,CPV,2025,No censorship
Central African Republic,CAF,2009,Imprisonment as punishment
Central African Republic,CAF,2010,Imprisonment as punishment
Central African Republic,CAF,2011,Imprisonment as punishment
Central African Republic,CAF,2012,Imprisonment as punishment
Central African Republic,CAF,2013,Imprisonment as punishment
Central African Republic,CAF,2014,Imprisonment as punishment
Central African Republic,CAF,2015,Imprisonment as punishment
Central African Republic,CAF,2016,Imprisonment as punishment
Central African Republic,CAF,2017,No censorship
Central African Republic,CAF,2018,No censorship
Central African Republic,CAF,2019,No censorship
Central African Republic,CAF,2020,No censorship
Central African Republic,CAF,2021,No censorship
Central African Republic,CAF,2022,No censorship
Central African Republic,CAF,2023,No censorship
Central African Republic,CAF,2024,No censorship
Central African Republic,CAF,2025,No censorship
Chad,TCD,2025,No censorship
Chile,CHL,2025,No censorship
China,CHN,2025,State-enforced
Colombia,COL,2025,No censorship
Comoros,COM,2025,No censorship
Congo,COG,2025,No censorship
Costa Rica,CRI,2025,No censorship
Cote d'Ivoire,CIV,1981,Imprisonment as punishment
Cote d'Ivoire,CIV,1982,Imprisonment as punishment
Cote d'Ivoire,CIV,1983,Imprisonment as punishment
Cote d'Ivoire,CIV,1984,Imprisonment as punishment
Cote d'Ivoire,CIV,1985,Imprisonment as punishment
Cote d'Ivoire,CIV,1986,Imprisonment as punishment
Cote d'Ivoire,CIV,1987,Imprisonment as punishment
Cote d'Ivoire,CIV,1988,Imprisonment as punishment
Cote d'Ivoire,CIV,1989,Imprisonment as punishment
Cote d'Ivoire,CIV,1990,Imprisonment as punishment
Cote d'Ivoire,CIV,1991,Imprisonment as punishment
Cote d'Ivoire,CIV,1992,Imprisonment as punishment
Cote d'Ivoire,CIV,1993,Imprisonment as punishment
Cote d'Ivoire,CIV,1994,Imprisonment as punishment
Cote d'Ivoire,CIV,1995,Imprisonment as punishment
Cote d'Ivoire,CIV,1996,Imprisonment as punishment
Cote d'Ivoire,CIV,1997,Imprisonment as punishment
Cote d'Ivoire,CIV,1998,Imprisonment as punishment
Cote d'Ivoire,CIV,1999,Imprisonment as punishment
Cote d'Ivoire,CIV,2000,Imprisonment as punishment
Cote d'Ivoire,CIV,2001,Imprisonment as punishment
Cote d'Ivoire,CIV,2002,Imprisonment as punishment
Cote d'Ivoire,CIV,2003,Imprisonment as punishment
Cote d'Ivoire,CIV,2004,Imprisonment as punishment
Cote d'Ivoire,CIV,2005,Imprisonment as punishment
Cote d'Ivoire,CIV,2006,Imprisonment as punishment
Cote d'Ivoire,CIV,2007,Imprisonment as punishment
Cote d'Ivoire,CIV,2008,Imprisonment as punishment
Cote d'Ivoire,CIV,2009,Imprisonment as punishment
Cote d'Ivoire,CIV,2010,Imprisonment as punishment
Cote d'Ivoire,CIV,2011,Imprisonment as punishment
Cote d'Ivoire,CIV,2012,Imprisonment as punishment
Cote d'Ivoire,CIV,2013,Imprisonment as punishment
Cote d'Ivoire,CIV,2014,Imprisonment as punishment
Cote d'Ivoire,CIV,2015,Imprisonment as punishment
Cote d'Ivoire,CIV,2016,Imprisonment as punishment
Cote d'Ivoire,CIV,2017,Imprisonment as punishment
Cote d'Ivoire,CIV,2018,Imprisonment as punishment
Cote d'Ivoire,CIV,2019,Ambiguous
Cote d'Ivoire,CIV,2020,Ambiguous
Cote d'Ivoire,CIV,2021,Ambiguous
Cote d'Ivoire,CIV,2022,Ambiguous
Cote d'Ivoire,CIV,2023,Ambiguous
Cote d'Ivoire,CIV,2024,Ambiguous
Cote d'Ivoire,CIV,2025,Ambiguous
Croatia,HRV,2025,No censorship
Cuba,CUB,2025,No censorship
Cyprus,CYP,2025,No censorship
Czechia,CZE,2025,No censorship
Democratic Republic of Congo,COD,2025,Ambiguous
Denmark,DNK,2025,No censorship
Djibouti,DJI,2025,State-enforced
Dominica,DMA,2025,No censorship
Dominican Republic,DOM,2025,No censorship
East Timor,TLS,2025,No censorship
Ecuador,ECU,2025,No censorship
Egypt,EGY,2025,Imprisonment as punishment
El Salvador,SLV,2024,State-enforced
El Salvador,SLV,2025,State-enforced
Equatorial Guinea,GNQ,2025,No censorship
Eritrea,ERI,2025,Imprisonment as punishment
Estonia,EST,2025,No censorship
Eswatini,SWZ,2025,No censorship
Ethiopia,ETH,2025,State-enforced
Fiji,FJI,2025,No censorship
Finland,FIN,1950,Imprisonment as punishment
Finland,FIN,1951,Imprisonment as punishment
Finland,FIN,1952,Imprisonment as punishment
Finland,FIN,1953,Imprisonment as punishment
Finland,FIN,1954,Imprisonment as punishment
Finland,FIN,1955,Imprisonment as punishment
Finland,FIN,1956,Imprisonment as punishment
Finland,FIN,1957,Imprisonment as punishment
Finland,FIN,1958,Imprisonment as punishment
Finland,FIN,1959,Imprisonment as punishment
Finland,FIN,1960,Imprisonment as punishment
Finland,FIN,1961,Imprisonment as punishment
Finland,FIN,1962,Imprisonment as punishment
Finland,FIN,1963,Imprisonment as punishment
Finland,FIN,1964,Imprisonment as punishment
Finland,FIN,1965,Imprisonment as punishment
Finland,FIN,1966,Imprisonment as punishment
Finland,FIN,1967,Imprisonment as punishment
Finland,FIN,1968,Imprisonment as punishment
Finland,FIN,1969,Imprisonment as punishment
Finland,FIN,1970,Imprisonment as punishment
Finland,FIN,1971,Imprisonment as punishment
Finland,FIN,1972,Imprisonment as punishment
Finland,FIN,1973,Imprisonment as punishment
Finland,FIN,1974,Imprisonment as punishment
Finland,FIN,1975,Imprisonment as punishment
Finland,FIN,1976,Imprisonment as punishment
Finland,FIN,1977,Imprisonment as punishment
Finland,FIN,1978,Imprisonment as punishment
Finland,FIN,1979,Imprisonment as punishment
Finland,FIN,1980,Imprisonment as punishment
Finland,FIN,1981,Imprisonment as punishment
Finland,FIN,1982,Imprisonment as punishment
Finland,FIN,1983,Imprisonment as punishment
Finland,FIN,1984,Imprisonment as punishment
Finland,FIN,1985,Imprisonment as punishment
Finland,FIN,1986,Imprisonment as punishment
Finland,FIN,1987,Imprisonment as punishment
Finland,FIN,1988,Imprisonment as punishment
Finland,FIN,1989,Imprisonment as punishment
Finland,FIN,1990,Imprisonment as punishment
Finland,FIN,1991,Imprisonment as punishment
Finland,FIN,1992,Imprisonment as punishment
Finland,FIN,1993,Imprisonment as punishment
Finland,FIN,1994,No censorship
Finland,FIN,1995,No censorship
Finland,FIN,1996,No censorship
Finland,FIN,1997,No censorship
Finland,FIN,1998,No censorship
Finland,FIN,1999,No censorship
Finland,FIN,2000,No censorship
Finland,FIN,2001,No censorship
Finland,FIN,2002,No censorship
Finland,FIN,2003,No censorship
Finland,FIN,2004,No censorship
Finland,FIN,2005,No censorship
Finland,FIN,2006,No censorship
Finland,FIN,2007,No censorship
Finland,FIN,2008,No censorship
Finland,FIN,2009,No censorship
Finland,FIN,2010,No censorship
Finland,FIN,2011,No censorship
Finland,FIN,2012,No censorship
Finland,FIN,2013,No censorship
Finland,FIN,2014,No censorship
Finland,FIN,2015,No censorship
Finland,FIN,2016,No censorship
Finland,FIN,2017,No censorship
Finland,FIN,2018,No censorship
Finland,FIN,2019,No censorship
Finland,FIN,2020,No censorship
Finland,FIN,2021,No censorship
Finland,FIN,2022,No censorship
Finland,FIN,2023,No censorship
Finland,FIN,2024,No censorship
Finland,FIN,2025,No censorship
France,FRA,1960,Imprisonment as punishment
France,FRA,1961,Imprisonment as punishment
France,FRA,1962,Imprisonment as punishment
France,FRA,1963,Imprisonment as punishment
France,FRA,1964,Imprisonment as punishment
France,FRA,1965,Imprisonment as punishment
France,FRA,1966,Imprisonment as punishment
France,FRA,1967,Imprisonment as punishment
France,FRA,1968,Imprisonment as punishment
France,FRA,1969,Imprisonment as punishment
France,FRA,1970,Imprisonment as punishment
France,FRA,1971,Imprisonment as punishment
France,FRA,1972,Imprisonment as punishment
France,FRA,1973,Imprisonment as punishment
France,FRA,1974,Imprisonment as punishment
France,FRA,1975,Imprisonment as punishment
France,FRA,1976,Imprisonment as punishment
France,FRA,1977,Imprisonment as punishment
France,FRA,1978,Imprisonment as punishment
France,FRA,1979,Imprisonment as punishment
France,FRA,1980,No censorship
France,FRA,1981,No censorship
France,FRA,1982,No censorship
France,FRA,1983,No censorship
France,FRA,1984,No censorship
France,FRA,1985,No censorship
France,FRA,1986,No censorship
France,FRA,1987,No censorship
France,FRA,1988,No censorship
France,FRA,1989,No censorship
France,FRA,1990,No censorship
France,FRA,1991,No censorship
France,FRA,1992,No censorship
France,FRA,1993,No censorship
France,FRA,1994,No censorship
France,FRA,1995,No censorship
France,FRA,1996,No censorship
France,FRA,1997,No censorship
France,FRA,1998,No censorship
France,FRA,1999,No censorship
France,FRA,2000,No censorship
France,FRA,2001,No censorship
France,FRA,2002,No censorship
France,FRA,2003,No censorship
France,FRA,2004,No censorship
France,FRA,2005,No censorship
France,FRA,2006,No censorship
France,FRA,2007,No censorship
France,FRA,2008,No censorship
France,FRA,2009,No censorship
France,FRA,2010,No censorship
France,FRA,2011,No censorship
France,FRA,2012,No censorship
France,FRA,2013,No censorship
France,FRA,2014,No censorship
France,FRA,2015,No censorship
France,FRA,2016,No censorship
France,FRA,2017,No censorship
France,FRA,2018,No censorship
France,FRA,2019,No censorship
France,FRA,2020,No censorship
France,FRA,2021,No censorship
France,FRA,2022,No censorship
France,FRA,2023,No censorship
France,FRA,2024,No censorship
France,FRA,2025,No censorship
Gabon,GAB,2025,No censorship
Gambia,GMB,2025,No censorship
Georgia,GEO,2024,State-enforced
Georgia,GEO,2025,State-enforced
Germany,DEU,2025,No censorship
Ghana,GHA,2025,No censorship
Greece,GRC,2016,No censorship
Greece,GRC,2017,No censorship
Greece,GRC,2018,No censorship
Greece,GRC,2019,No censorship
Greece,GRC,2020,No censorship
Greece,GRC,2021,No censorship
Greece,GRC,2022,No censorship
Greece,GRC,2023,No censorship
Greece,GRC,2024,No censorship
Greece,GRC,2025,No censorship
Grenada,GRD,2025,No censorship
Guatemala,GTM,2025,No censorship
Guinea,GIN,2025,No censorship
Guinea-Bissau,GNB,2025,No censorship
Guyana,GUY,2025,No censorship
Haiti,HTI,2025,No censorship
Honduras,HND,2025,No censorship
Hungary,HUN,2021,Fine as punishment
Hungary,HUN,2022,Fine as punishment
Hungary,HUN,2023,Fine as punishment
Hungary,HUN,2024,Fine as punishment
Hungary,HUN,2025,Fine as punishment
Iceland,ISL,2025,No censorship
India,IND,2025,No censorship
Indonesia,IDN,2025,State-enforced
Iran,IRN,2013,Other punishment
Iran,IRN,2014,Other punishment
Iran,IRN,2015,Other punishment
Iran,IRN,2016,Other punishment
Iran,IRN,2017,Other punishment
Iran,IRN,2018,Other punishment
Iran,IRN,2019,Other punishment
Iran,IRN,2020,Other punishment
Iran,IRN,2021,Other punishment
Iran,IRN,2022,Other punishment
Iran,IRN,2023,Other punishment
Iran,IRN,2024,Other punishment
Iran,IRN,2025,Other punishment
Iraq,IRQ,2025,Imprisonment as punishment
Ireland,IRL,2025,No censorship
Israel,ISR,2025,No censorship
Italy,ITA,2025,No censorship
Jamaica,JAM,2025,No censorship
Japan,JPN,2025,No censorship
Jordan,JOR,2025,Imprisonment as punishment
Kazakhstan,KAZ,2022,State-enforced
Kazakhstan,KAZ,2023,State-enforced
Kazakhstan,KAZ,2024,State-enforced
Kazakhstan,KAZ,2025,State-enforced
Kenya,KEN,2012,State-enforced
Kenya,KEN,2013,State-enforced
Kenya,KEN,2014,State-enforced
Kenya,KEN,2015,State-enforced
Kenya,KEN,2016,State-enforced
Kenya,KEN,2017,State-enforced
Kenya,KEN,2018,State-enforced
Kenya,KEN,2019,State-enforced
Kenya,KEN,2020,State-enforced
Kenya,KEN,2021,State-enforced
Kenya,KEN,2022,State-enforced
Kenya,KEN,2023,State-enforced
Kenya,KEN,2024,State-enforced
Kenya,KEN,2025,State-enforced
Kiribati,KIR,2025,No censorship
Kuwait,KWT,2022,State-enforced
Kuwait,KWT,2023,State-enforced
Kuwait,KWT,2024,State-enforced
Kuwait,KWT,2025,State-enforced
Kyrgyzstan,KGZ,2023,State-enforced
Kyrgyzstan,KGZ,2024,State-enforced
Kyrgyzstan,KGZ,2025,State-enforced
Laos,LAO,2025,No censorship
Latvia,LVA,2025,No censorship
Lebanon,LBN,2025,Ambiguous
Lesotho,LSO,2025,No censorship
Liberia,LBR,2025,No censorship
Libya,LBY,2025,Imprisonment as punishment
Liechtenstein,LIE,2025,No censorship
Lithuania,LTU,2010,Fine as punishment
Lithuania,LTU,2011,Fine as punishment
Lithuania,LTU,2012,Fine as punishment
Lithuania,LTU,2013,Fine as punishment
Lithuania,LTU,2014,Fine as punishment
Lithuania,LTU,2015,Fine as punishment
Lithuania,LTU,2016,Fine as punishment
Lithuania,LTU,2017,Fine as punishment
Lithuania,LTU,2018,Fine as punishment
Lithuania,LTU,2019,Fine as punishment
Lithuania,LTU,2020,Fine as punishment
Lithuania,LTU,2021,Fine as punishment
Lithuania,LTU,2022,Fine as punishment
Lithuania,LTU,2023,Fine as punishment
Lithuania,LTU,2024,No censorship
Lithuania,LTU,2025,No censorship
Luxembourg,LUX,2025,No censorship
Madagascar,MDG,2025,No censorship
Malawi,MWI,2025,No censorship
Malaysia,MYS,2025,State-enforced
Maldives,MDV,2025,No censorship
Mali,MLI,2004,Imprisonment as punishment
Mali,MLI,2005,Imprisonment as punishment
Mali,MLI,2006,Imprisonment as punishment
Mali,MLI,2007,Imprisonment as punishment
Mali,MLI,2008,Imprisonment as punishment
Mali,MLI,2009,Imprisonment as punishment
Mali,MLI,2010,Imprisonment as punishment
Mali,MLI,2011,Imprisonment as punishment
Mali,MLI,2012,Imprisonment as punishment
Mali,MLI,2013,Imprisonment as punishment
Mali,MLI,2014,Imprisonment as punishment
Mali,MLI,2015,Imprisonment as punishment
Mali,MLI,2016,Imprisonment as punishment
Mali,MLI,2017,Imprisonment as punishment
Mali,MLI,2018,Imprisonment as punishment
Mali,MLI,2019,Imprisonment as punishment
Mali,MLI,2020,Imprisonment as punishment
Mali,MLI,2021,Imprisonment as punishment
Mali,MLI,2022,Imprisonment as punishment
Mali,MLI,2023,Imprisonment as punishment
Mali,MLI,2024,Imprisonment as punishment
Mali,MLI,2025,Imprisonment as punishment
Malta,MLT,2025,No censorship
Marshall Islands,MHL,2025,No censorship
Mauritania,MRT,2025,Imprisonment as punishment
Mauritius,MUS,2025,No censorship
Mexico,MEX,2025,No censorship
Micronesia (country),FSM,2025,No censorship
Moldova,MDA,2022,Varies by region
Moldova,MDA,2023,Varies by region
Moldova,MDA,2024,Varies by region
Moldova,MDA,2025,Varies by region
Monaco,MCO,2025,No censorship
Mongolia,MNG,2025,No censorship
Montenegro,MNE,2025,No censorship
Morocco,MAR,2005,State-enforced
Morocco,MAR,2006,State-enforced
Morocco,MAR,2007,State-enforced
Morocco,MAR,2008,State-enforced
Morocco,MAR,2009,State-enforced
Morocco,MAR,2010,State-enforced
Morocco,MAR,2011,State-enforced
Morocco,MAR,2012,State-enforced
Morocco,MAR,2013,State-enforced
Morocco,MAR,2014,State-enforced
Morocco,MAR,2015,State-enforced
Morocco,MAR,2016,State-enforced
Morocco,MAR,2017,State-enforced
Morocco,MAR,2018,State-enforced
Morocco,MAR,2019,State-enforced
Morocco,MAR,2020,State-enforced
Morocco,MAR,2021,State-enforced
Morocco,MAR,2022,State-enforced
Morocco,MAR,2023,State-enforced
Morocco,MAR,2024,State-enforced
Morocco,MAR,2025,State-enforced
Mozambique,MOZ,2025,No censorship
Myanmar,MMR,2020,State-enforced
Myanmar,MMR,2021,State-enforced
Myanmar,MMR,2022,State-enforced
Myanmar,MMR,2023,State-enforced
Myanmar,MMR,2024,State-enforced
Myanmar,MMR,2025,State-enforced
Namibia,NAM,2025,No censorship
Nauru,NRU,2025,No censorship
Nepal,NPL,2025,No censorship
Netherlands,NLD,2025,No censorship
New Zealand,NZL,2025,No censorship
Nicaragua,NIC,2025,No censorship
Niger,NER,2025,No censorship
Nigeria,NGA,2025,Imprisonment as punishment
North Korea,PRK,1950,State-enforced
North Korea,PRK,1951,State-enforced
North Korea,PRK,1952,State-enforced
North Korea,PRK,1953,State-enforced
North Korea,PRK,1954,State-enforced
North Korea,PRK,1955,State-enforced
North Korea,PRK,1956,State-enforced
North Korea,PRK,1957,State-enforced
North Korea,PRK,1958,State-enforced
North Korea,PRK,1959,State-enforced
North Korea,PRK,1960,State-enforced
North Korea,PRK,1961,State-enforced
North Korea,PRK,1962,State-enforced
North Korea,PRK,1963,State-enforced
North Korea,PRK,1964,State-enforced
North Korea,PRK,1965,State-enforced
North Korea,PRK,1966,State-enforced
North Korea,PRK,1967,State-enforced
North Korea,PRK,1968,State-enforced
North Korea,PRK,1969,State-enforced
North Korea,PRK,1970,State-enforced
North Korea,PRK,1971,State-enforced
North Korea,PRK,1972,State-enforced
North Korea,PRK,1973,State-enforced
North Korea,PRK,1974,State-enforced
North Korea,PRK,1975,State-enforced
North Korea,PRK,1976,State-enforced
North Korea,PRK,1977,State-enforced
North Korea,PRK,1978,State-enforced
North Korea,PRK,1979,State-enforced
North Korea,PRK,1980,State-enforced
North Korea,PRK,1981,State-enforced
North Korea,PRK,1982,State-enforced
North Korea,PRK,1983,State-enforced
North Korea,PRK,1984,State-enforced
North Korea,PRK,1985,State-enforced
North Korea,PRK,1986,State-enforced
North Korea,PRK,1987,State-enforced
North Korea,PRK,1988,State-enforced
North Korea,PRK,1989,State-enforced
North Korea,PRK,1990,State-enforced
North Korea,PRK,1991,State-enforced
North Korea,PRK,1992,State-enforced
North Korea,PRK,1993,State-enforced
North Korea,PRK,1994,State-enforced
North Korea,PRK,1995,State-enforced
North Korea,PRK,1996,State-enforced
North Korea,PRK,1997,State-enforced
North Korea,PRK,1998,State-enforced
North Korea,PRK,1999,State-enforced
North Korea,PRK,2000,State-enforced
North Korea,PRK,2001,State-enforced
North Korea,PRK,2002,State-enforced
North Korea,PRK,2003,State-enforced
North Korea,PRK,2004,State-enforced
North Korea,PRK,2005,State-enforced
North Korea,PRK,2006,State-enforced
North Korea,PRK,2007,State-enforced
North Korea,PRK,2008,State-enforced
North Korea,PRK,2009,State-enforced
North Korea,PRK,2010,State-enforced
North Korea,PRK,2011,State-enforced
North Korea,PRK,2012,State-enforced
North Korea,PRK,2013,State-enforced
North Korea,PRK,2014,State-enforced
North Korea,PRK,2015,State-enforced
North Korea,PRK,2016,State-enforced
North Korea,PRK,2017,State-enforced
North Korea,PRK,2018,State-enforced
North Korea,PRK,2019,State-enforced
North Korea,PRK,2020,State-enforced
North Korea,PRK,2021,State-enforced
North Korea,PRK,2022,State-enforced
North Korea,PRK,2023,State-enforced
North Korea,PRK,2024,State-enforced
North Korea,PRK,2025,State-enforced
North Macedonia,MKD,2025,No censorship
Norway,NOR,2025,No censorship
Oman,OMN,2025,Imprisonment as punishment
Pakistan,PAK,2016,Imprisonment as punishment
Pakistan,PAK,2017,Imprisonment as punishment
Pakistan,PAK,2018,Imprisonment as punishment
Pakistan,PAK,2019,Imprisonment as punishment
Pakistan,PAK,2020,Imprisonment as punishment
Pakistan,PAK,2021,Imprisonment as punishment
Pakistan,PAK,2022,Imprisonment as punishment
Pakistan,PAK,2023,Imprisonment as punishment
Pakistan,PAK,2024,Imprisonment as punishment
Pakistan,PAK,2025,Imprisonment as punishment
Palau,PLW,2025,No censorship
Panama,PAN,2025,No censorship
Papua New Guinea,PNG,2025,No censorship
Paraguay,PRY,2017,State-enforced
Paraguay,PRY,2018,State-enforced
Paraguay,PRY,2019,State-enforced
Paraguay,PRY,2020,State-enforced
Paraguay,PRY,2021,State-enforced
Paraguay,PRY,2022,State-enforced
Paraguay,PRY,2023,State-enforced
Paraguay,PRY,2024,State-enforced
Paraguay,PRY,2025,State-enforced
Peru,PER,2025,No censorship
Philippines,PHL,2025,No censorship
Poland,POL,2019,State-enforced
Poland,POL,2020,State-enforced
Poland,POL,2021,State-enforced
Poland,POL,2022,State-enforced
Poland,POL,2023,State-enforced
Poland,POL,2024,State-enforced
Poland,POL,2025,State-enforced
Portugal,PRT,2025,No censorship
Qatar,QAT,2025,State-enforced
Romania,ROU,1968,State-enforced
Romania,ROU,1969,State-enforced
Romania,ROU,1970,State-enforced
Romania,ROU,1971,State-enforced
Romania,ROU,1972,State-enforced
Romania,ROU,1973,State-enforced
Romania,ROU,1974,State-enforced
Romania,ROU,1975,State-enforced
Romania,ROU,1976,State-enforced
Romania,ROU,1977,State-enforced
Romania,ROU,1978,State-enforced
Romania,ROU,1979,State-enforced
Romania,ROU,1980,State-enforced
Romania,ROU,1981,State-enforced
Romania,ROU,1982,State-enforced
Romania,ROU,1983,State-enforced
Romania,ROU,1984,State-enforced
Romania,ROU,1985,State-enforced
Romania,ROU,1986,State-enforced
Romania,ROU,1987,State-enforced
Romania,ROU,1988,State-enforced
Romania,ROU,1989,State-enforced
Romania,ROU,1990,State-enforced
Romania,ROU,1991,State-enforced
Romania,ROU,1992,State-enforced
Romania,ROU,1993,State-enforced
Romania,ROU,1994,State-enforced
Romania,ROU,1995,State-enforced
Romania,ROU,1996,State-enforced
Romania,ROU,1997,State-enforced
Romania,ROU,1998,State-enforced
Romania,ROU,1999,State-enforced
Romania,ROU,2000,State-enforced
Romania,ROU,2001,No censorship
Romania,ROU,2002,No censorship
Romania,ROU,2003,No censorship
Romania,ROU,2004,No censorship
Romania,ROU,2005,No censorship
Romania,ROU,2006,No censorship
Romania,ROU,2007,No censorship
Romania,ROU,2008,No censorship
Romania,ROU,2009,No censorship
Romania,ROU,2010,No censorship
Romania,ROU,2011,No censorship
Romania,ROU,2012,No censorship
Romania,ROU,2013,No censorship
Romania,ROU,2014,No censorship
Romania,ROU,2015,No censorship
Romania,ROU,2016,No censorship
Romania,ROU,2017,No censorship
Romania,ROU,2018,No censorship
Romania,ROU,2019,No censorship
Romania,ROU,2020,No censorship
Romania,ROU,2021,No censorship
Romania,ROU,2022,No censorship
Romania,ROU,2023,No censorship
Romania,ROU,2024,No censorship
Romania,ROU,2025,No censorship
Russia,RUS,2006,Varies by region
Russia,RUS,2007,Varies by region
Russia,RUS,2008,Varies by region
Russia,RUS,2009,Varies by region
Russia,RUS,2010,Varies by region
Russia,RUS,2011,Varies by region
Russia,RUS,2012,Varies by region
Russia,RUS,2013,Fine as punishment
Russia,RUS,2014,Fine as punishment
Russia,RUS,2015,Fine as punishment
Russia,RUS,2016,Fine as punishment
Russia,RUS,2017,Fine as punishment
Russia,RUS,2018,Fine as punishment
Russia,RUS,2019,Fine as punishment
Russia,RUS,2020,Fine as punishment
Russia,RUS,2021,Fine as punishment
Russia,RUS,2022,Fine as punishment
Russia,RUS,2023,Imprisonment as punishment
Russia,RUS,2024,Imprisonment as punishment
Russia,RUS,2025,Imprisonment as punishment
Rwanda,RWA,2025,No censorship
Saint Kitts and Nevis,KNA,2025,No censorship
Saint Lucia,LCA,2025,No censorship
Saint Vincent and the Grenadines,VCT,2025,No censorship
Samoa,WSM,2025,State-enforced
San Marino,SMR,2025,No censorship
Sao Tome and Principe,STP,2025,No censorship
Saudi Arabia,SAU,2025,Imprisonment as punishment
Senegal,SEN,1965,Imprisonment as punishment
Senegal,SEN,1966,Imprisonment as punishment
Senegal,SEN,1967,Imprisonment as punishment
Senegal,SEN,1968,Imprisonment as punishment
Senegal,SEN,1969,Imprisonment as punishment
Senegal,SEN,1970,Imprisonment as punishment
Senegal,SEN,1971,Imprisonment as punishment
Senegal,SEN,1972,Imprisonment as punishment
Senegal,SEN,1973,Imprisonment as punishment
Senegal,SEN,1974,Imprisonment as punishment
Senegal,SEN,1975,Imprisonment as punishment
Senegal,SEN,1976,Imprisonment as punishment
Senegal,SEN,1977,Imprisonment as punishment
Senegal,SEN,1978,Imprisonment as punishment
Senegal,SEN,1979,Imprisonment as punishment
Senegal,SEN,1980,Imprisonment as punishment
Senegal,SEN,1981,Imprisonment as punishment
Senegal,SEN,1982,Imprisonment as punishment
Senegal,SEN,1983,Imprisonment as punishment
Senegal,SEN,1984,Imprisonment as punishment
Senegal,SEN,1985,Imprisonment as punishment
Senegal,SEN,1986,Imprisonment as punishment
Senegal,SEN,1987,Imprisonment as punishment
Senegal,SEN,1988,Imprisonment as punishment
Senegal,SEN,1989,Imprisonment as punishment
Senegal,SEN,1990,Imprisonment as punishment
Senegal,SEN,1991,Imprisonment as punishment
Senegal,SEN,1992,Imprisonment as punishment
Senegal,SEN,1993,Imprisonment as punishment
Senegal,SEN,1994,Imprisonment as punishment
Senegal,SEN,1995,Imprisonment as punishment
Senegal,SEN,1996,Imprisonment as punishment
Senegal,SEN,1997,Imprisonment as punishment
Senegal,SEN,1998,Imprisonment as punishment
Senegal,SEN,1999,Imprisonment as punishment
Senegal,SEN,2000,Imprisonment as punishment
Senegal,SEN,2001,Imprisonment as punishment
Senegal,SEN,2002,Imprisonment as punishment
Senegal,SEN,2003,Imprisonment as punishment
Senegal,SEN,2004,Imprisonment as punishment
Senegal,SEN,2005,Imprisonment as punishment
Senegal,SEN,2006,Imprisonment as punishment
Senegal,SEN,2007,Imprisonment as punishment
Senegal,SEN,2008,Imprisonment as punishment
Senegal,SEN,2009,Imprisonment as punishment
Senegal,SEN,2010,Imprisonment as punishment
Senegal,SEN,2011,Imprisonment as punishment
Senegal,SEN,2012,Imprisonment as punishment
Senegal,SEN,2013,Imprisonment as punishment
Senegal,SEN,2014,Imprisonment as punishment
Senegal,SEN,2015,Imprisonment as punishment
Senegal,SEN,2016,Imprisonment as punishment
Senegal,SEN,2017,Imprisonment as punishment
Senegal,SEN,2018,Imprisonment as punishment
Senegal,SEN,2019,Imprisonment as punishment
Senegal,SEN,2020,Imprisonment as punishment
Senegal,SEN,2021,Imprisonment as punishment
Senegal,SEN,2022,Imprisonment as punishment
Senegal,SEN,2023,Imprisonment as punishment
Senegal,SEN,2024,Imprisonment as punishment
Senegal,SEN,2025,Imprisonment as punishment
Serbia,SRB,2025,No censorship
Seychelles,SYC,2025,No censorship
Sierra Leone,SLE,2025,No censorship
Singapore,SGP,1997,State-enforced
Singapore,SGP,1998,State-enforced
Singapore,SGP,1999,State-enforced
Singapore,SGP,2000,State-enforced
Singapore,SGP,2001,State-enforced
Singapore,SGP,2002,State-enforced
Singapore,SGP,2003,State-enforced
Singapore,SGP,2004,State-enforced
Singapore,SGP,2005,State-enforced
Singapore,SGP,2006,State-enforced
Singapore,SGP,2007,State-enforced
Singapore,SGP,2008,State-enforced
Singapore,SGP,2009,State-enforced
Singapore,SGP,2010,State-enforced
Singapore,SGP,2011,State-enforced
Singapore,SGP,2012,State-enforced
Singapore,SGP,2013,State-enforced
Singapore,SGP,2014,State-enforced
Singapore,SGP,2015,State-enforced
Singapore,SGP,2016,State-enforced
Singapore,SGP,2017,State-enforced
Singapore,SGP,2018,State-enforced
Singapore,SGP,2019,State-enforced
Singapore,SGP,2020,State-enforced
Singapore,SGP,2021,State-enforced
Singapore,SGP,2022,State-enforced
Singapore,SGP,2023,State-enforced
Singapore,SGP,2024,State-enforced
Singapore,SGP,2025,State-enforced
Slovakia,SVK,2025,No censorship
Slovenia,SVN,2025,No censorship
Solomon Islands,SLB,2025,No censorship
Somalia,SOM,1964,Other punishment
Somalia,SOM,1965,Other punishment
Somalia,SOM,1966,Other punishment
Somalia,SOM,1967,Other punishment
Somalia,SOM,1968,Other punishment
Somalia,SOM,1969,Other punishment
Somalia,SOM,1970,Other punishment
Somalia,SOM,1971,Other punishment
Somalia,SOM,1972,Other punishment
Somalia,SOM,1973,Other punishment
Somalia,SOM,1974,Other punishment
Somalia,SOM,1975,Other punishment
Somalia,SOM,1976,Other punishment
Somalia,SOM,1977,Other punishment
Somalia,SOM,1978,Other punishment
Somalia,SOM,1979,Other punishment
Somalia,SOM,1980,Other punishment
Somalia,SOM,1981,Other punishment
Somalia,SOM,1982,Other punishment
Somalia,SOM,1983,Other punishment
Somalia,SOM,1984,Other punishment
Somalia,SOM,1985,Other punishment
Somalia,SOM,1986,Other punishment
Somalia,SOM,1987,Other punishment
Somalia,SOM,1988,Other punishment
Somalia,SOM,1989,Other punishment
Somalia,SOM,1990,Other punishment
Somalia,SOM,1991,Other punishment
Somalia,SOM,1992,Other punishment
Somalia,SOM,1993,Other punishment
Somalia,SOM,1994,Other punishment
Somalia,SOM,1995,Other punishment
Somalia,SOM,1996,Other punishment
Somalia,SOM,1997,Other punishment
Somalia,SOM,1998,Other punishment
Somalia,SOM,1999,Other punishment
Somalia,SOM,2000,Other punishment
Somalia,SOM,2001,Other punishment
Somalia,SOM,2002,Other punishment
Somalia,SOM,2003,Other punishment
Somalia,SOM,2004,Other punishment
Somalia,SOM,2005,Other punishment
Somalia,SOM,2006,Other punishment
Somalia,SOM,2007,Other punishment
Somalia,SOM,2008,Other punishment
Somalia,SOM,2009,Other punishment
Somalia,SOM,2010,Other punishment
Somalia,SOM,2011,Other punishment
Somalia,SOM,2012,Other punishment
Somalia,SOM,2013,Other punishment
Somalia,SOM,2014,Other punishment
Somalia,SOM,2015,Other punishment
Somalia,SOM,2016,Other punishment
Somalia,SOM,2017,Other punishment
Somalia,SOM,2018,Other punishment
Somalia,SOM,2019,Other punishment
Somalia,SOM,2020,Other punishment
Somalia,SOM,2021,Other punishment
Somalia,SOM,2022,Other punishment
Somalia,SOM,2023,Other punishment
Somalia,SOM,2024,Other punishment
Somalia,SOM,2025,Other punishment
South Africa,ZAF,2025,No censorship
South Korea,KOR,2001,State-enforced
South Korea,KOR,2002,State-enforced
South Korea,KOR,2003,No censorship
South Korea,KOR,2004,No censorship
South Korea,KOR,2005,No censorship
South Korea,KOR,2006,No censorship
South Korea,KOR,2007,No censorship
South Korea,KOR,2008,No censorship
South Korea,KOR,2009,No censorship
South Korea,KOR,2010,No censorship
South Korea,KOR,2011,No censorship
South Korea,KOR,2012,No censorship
South Korea,KOR,2013,No censorship
South Korea,KOR,2014,No censorship
South Korea,KOR,2015,No censorship
South Korea,KOR,2016,No censorship
South Korea,KOR,2017,No censorship
South Korea,KOR,2018,No censorship
South Korea,KOR,2019,No censorship
South Korea,KOR,2020,No censorship
South Korea,KOR,2021,No censorship
South Korea,KOR,2022,No censorship
South Korea,KOR,2023,No censorship
South Korea,KOR,2024,No censorship
South Korea,KOR,2025,No censorship
South Sudan,SSD,2025,State-enforced
Spain,ESP,2025,No censorship
Sri Lanka,LKA,2025,No censorship
Sudan,SDN,1991,State-enforced
Sudan,SDN,1992,State-enforced
Sudan,SDN,1993,State-enforced
Sudan,SDN,1994,State-enforced
Sudan,SDN,1995,State-enforced
Sudan,SDN,1996,State-enforced
Sudan,SDN,1997,State-enforced
Sudan,SDN,1998,State-enforced
Sudan,SDN,1999,State-enforced
Sudan,SDN,2000,State-enforced
Sudan,SDN,2001,State-enforced
Sudan,SDN,2002,State-enforced
Sudan,SDN,2003,State-enforced
Sudan,SDN,2004,State-enforced
Sudan,SDN,2005,State-enforced
Sudan,SDN,2006,State-enforced
Sudan,SDN,2007,State-enforced
Sudan,SDN,2008,State-enforced
Sudan,SDN,2009,State-enforced
Sudan,SDN,2010,State-enforced
Sudan,SDN,2011,State-enforced
Sudan,SDN,2012,State-enforced
Sudan,SDN,2013,State-enforced
Sudan,SDN,2014,State-enforced
Sudan,SDN,2015,State-enforced
Sudan,SDN,2016,State-enforced
Sudan,SDN,2017,State-enforced
Sudan,SDN,2018,State-enforced
Sudan,SDN,2019,State-enforced
Sudan,SDN,2020,State-enforced
Sudan,SDN,2021,State-enforced
Sudan,SDN,2022,State-enforced
Sudan,SDN,2023,State-enforced
Sudan,SDN,2024,State-enforced
Sudan,SDN,2025,State-enforced
Suriname,SUR,2025,No censorship
Sweden,SWE,2025,No censorship
Switzerland,CHE,2025,No censorship
Syria,SYR,1950,State-enforced
Syria,SYR,1951,State-enforced
Syria,SYR,1952,State-enforced
Syria,SYR,1953,State-enforced
Syria,SYR,1954,State-enforced
Syria,SYR,1955,State-enforced
Syria,SYR,1956,State-enforced
Syria,SYR,1957,State-enforced
Syria,SYR,1958,State-enforced
Syria,SYR,1959,State-enforced
Syria,SYR,1960,State-enforced
Syria,SYR,1961,State-enforced
Syria,SYR,1962,State-enforced
Syria,SYR,1963,State-enforced
Syria,SYR,1964,State-enforced
Syria,SYR,1965,State-enforced
Syria,SYR,1966,State-enforced
Syria,SYR,1967,State-enforced
Syria,SYR,1968,State-enforced
Syria,SYR,1969,State-enforced
Syria,SYR,1970,State-enforced
Syria,SYR,1971,State-enforced
Syria,SYR,1972,State-enforced
Syria,SYR,1973,State-enforced
Syria,SYR,1974,State-enforced
Syria,SYR,1975,State-enforced
Syria,SYR,1976,State-enforced
Syria,SYR,1977,State-enforced
Syria,SYR,1978,State-enforced
Syria,SYR,1979,State-enforced
Syria,SYR,1980,State-enforced
Syria,SYR,1981,State-enforced
Syria,SYR,1982,State-enforced
Syria,SYR,1983,State-enforced
Syria,SYR,1984,State-enforced
Syria,SYR,1985,State-enforced
Syria,SYR,1986,State-enforced
Syria,SYR,1987,State-enforced
Syria,SYR,1988,State-enforced
Syria,SYR,1989,State-enforced
Syria,SYR,1990,State-enforced
Syria,SYR,1991,State-enforced
Syria,SYR,1992,State-enforced
Syria,SYR,1993,State-enforced
Syria,SYR,1994,State-enforced
Syria,SYR,1995,State-enforced
Syria,SYR,1996,State-enforced
Syria,SYR,1997,State-enforced
Syria,SYR,1998,State-enforced
Syria,SYR,1999,State-enforced
Syria,SYR,2000,State-enforced
Syria,SYR,2001,State-enforced
Syria,SYR,2002,State-enforced
Syria,SYR,2003,State-enforced
Syria,SYR,2004,State-enforced
Syria,SYR,2005,State-enforced
Syria,SYR,2006,State-enforced
Syria,SYR,2007,State-enforced
Syria,SYR,2008,State-enforced
Syria,SYR,2009,State-enforced
Syria,SYR,2010,State-enforced
Syria,SYR,2011,State-enforced
Syria,SYR,2012,State-enforced
Syria,SYR,2013,State-enforced
Syria,SYR,2014,State-enforced
Syria,SYR,2015,State-enforced
Syria,SYR,2016,State-enforced
Syria,SYR,2017,State-enforced
Syria,SYR,2018,State-enforced
Syria,SYR,2019,State-enforced
Syria,SYR,2020,State-enforced
Syria,SYR,2021,State-enforced
Syria,SYR,2022,State-enforced
Syria,SYR,2023,State-enforced
Syria,SYR,2024,State-enforced
Syria,SYR,2025,State-enforced
Taiwan,TWN,2025,No censorship
Tajikistan,TJK,2017,State-enforced
Tajikistan,TJK,2018,State-enforced
Tajikistan,TJK,2019,State-enforced
Tajikistan,TJK,2020,State-enforced
Tajikistan,TJK,2021,State-enforced
Tajikistan,TJK,2022,State-enforced
Tajikistan,TJK,2023,State-enforced
Tajikistan,TJK,2024,State-enforced
Tajikistan,TJK,2025,State-enforced
Tanzania,TZA,2025,State-enforced
Thailand,THA,2025,No censorship
Togo,TGO,2025,State-enforced
Tonga,TON,2025,No censorship
Trinidad and Tobago,TTO,2025,No censorship
Tunisia,TUN,2004,Imprisonment as punishment
Tunisia,TUN,2005,Imprisonment as punishment
Tunisia,TUN,2006,Imprisonment as punishment
Tunisia,TUN,2007,Imprisonment as punishment
Tunisia,TUN,2008,Imprisonment as punishment
Tunisia,TUN,2009,Imprisonment as punishment
Tunisia,TUN,2010,Imprisonment as punishment
Tunisia,TUN,2011,Imprisonment as punishment
Tunisia,TUN,2012,Imprisonment as punishment
Tunisia,TUN,2013,Imprisonment as punishment
Tunisia,TUN,2014,Imprisonment as punishment
Tunisia,TUN,2015,Imprisonment as punishment
Tunisia,TUN,2016,Imprisonment as punishment
Tunisia,TUN,2017,Imprisonment as punishment
Tunisia,TUN,2018,Imprisonment as punishment
Tunisia,TUN,2019,Imprisonment as punishment
Tunisia,TUN,2020,Imprisonment as punishment
Tunisia,TUN,2021,Imprisonment as punishment
Tunisia,TUN,2022,Imprisonment as punishment
Tunisia,TUN,2023,Imprisonment as punishment
Tunisia,TUN,2024,Imprisonment as punishment
Tunisia,TUN,2025,Imprisonment as punishment
Turkey,TUR,2025,State-enforced
Turkmenistan,TKM,2025,No censorship
Tuvalu,TUV,2025,No censorship
Uganda,UGA,2019,State-enforced
Uganda,UGA,2020,State-enforced
Uganda,UGA,2021,State-enforced
Uganda,UGA,2022,State-enforced
Uganda,UGA,2023,Imprisonment as punishment
Uganda,UGA,2024,Imprisonment as punishment
Uganda,UGA,2025,Imprisonment as punishment
Ukraine,UKR,2015,No censorship
Ukraine,UKR,2016,No censorship
Ukraine,UKR,2017,No censorship
Ukraine,UKR,2018,No censorship
Ukraine,UKR,2019,No censorship
Ukraine,UKR,2020,No censorship
Ukraine,UKR,2021,No censorship
Ukraine,UKR,2022,No censorship
Ukraine,UKR,2023,No censorship
Ukraine,UKR,2024,No censorship
Ukraine,UKR,2025,No censorship
United Arab Emirates,ARE,2025,Imprisonment as punishment
United Kingdom,GBR,1988,Varies by region
United Kingdom,GBR,1989,Varies by region
United Kingdom,GBR,1990,Varies by region
United Kingdom,GBR,1991,Varies by region
United Kingdom,GBR,1992,Varies by region
United Kingdom,GBR,1993,Varies by region
United Kingdom,GBR,1994,Varies by region
United Kingdom,GBR,1995,Varies by region
United Kingdom,GBR,1996,Varies by region
United Kingdom,GBR,1997,Varies by region
United Kingdom,GBR,1998,Varies by region
United Kingdom,GBR,1999,Varies by region
United Kingdom,GBR,2000,Varies by region
United Kingdom,GBR,2001,Varies by region
United Kingdom,GBR,2002,Varies by region
United Kingdom,GBR,2003,No censorship
United Kingdom,GBR,2004,No censorship
United Kingdom,GBR,2005,No censorship
United Kingdom,GBR,2006,No censorship
United Kingdom,GBR,2007,No censorship
United Kingdom,GBR,2008,No censorship
United Kingdom,GBR,2009,No censorship
United Kingdom,GBR,2010,No censorship
United Kingdom,GBR,2011,No censorship
United Kingdom,GBR,2012,No censorship
United Kingdom,GBR,2013,No censorship
United Kingdom,GBR,2014,No censorship
United Kingdom,GBR,2015,No censorship
United Kingdom,GBR,2016,No censorship
United Kingdom,GBR,2017,No censorship
United Kingdom,GBR,2018,No censorship
United Kingdom,GBR,2019,No censorship
United Kingdom,GBR,2020,No censorship
United Kingdom,GBR,2021,No censorship
United Kingdom,GBR,2022,No censorship
United Kingdom,GBR,2023,No censorship
United Kingdom,GBR,2024,No censorship
United Kingdom,GBR,2025,No censorship
United States,USA,2019,Varies by region
United States,USA,2020,Varies by region
United States,USA,2021,Varies by region
United States,USA,2022,Varies by region
United States,USA,2023,Varies by region
United States,USA,2024,Varies by region
United States,USA,2025,Varies by region
Uruguay,URY,2025,No censorship
Uzbekistan,UZB,2025,State-enforced
Vanuatu,VUT,2025,No censorship
Venezuela,VEN,2025,No censorship
Vietnam,VNM,2025,No censorship
Yemen,YEM,2025,State-enforced
Zambia,ZMB,1950,Imprisonment as punishment
Zambia,ZMB,1951,Imprisonment as punishment
Zambia,ZMB,1952,Imprisonment as punishment
Zambia,ZMB,1953,Imprisonment as punishment
Zambia,ZMB,1954,Imprisonment as punishment
Zambia,ZMB,1955,Imprisonment as punishment
Zambia,ZMB,1956,Imprisonment as punishment
Zambia,ZMB,1957,Imprisonment as punishment
Zambia,ZMB,1958,Imprisonment as punishment
Zambia,ZMB,1959,Imprisonment as punishment
Zambia,ZMB,1960,Imprisonment as punishment
Zambia,ZMB,1961,Imprisonment as punishment
Zambia,ZMB,1962,Imprisonment as punishment
Zambia,ZMB,1963,Imprisonment as punishment
Zambia,ZMB,1964,Imprisonment as punishment
Zambia,ZMB,1965,Imprisonment as punishment
Zambia,ZMB,1966,Imprisonment as punishment
Zambia,ZMB,1967,Imprisonment as punishment
Zambia,ZMB,1968,Imprisonment as punishment
Zambia,ZMB,1969,Imprisonment as punishment
Zambia,ZMB,1970,Imprisonment as punishment
Zambia,ZMB,1971,Imprisonment as punishment
Zambia,ZMB,1972,Imprisonment as punishment
Zambia,ZMB,1973,Imprisonment as punishment
Zambia,ZMB,1974,Imprisonment as punishment
Zambia,ZMB,1975,Imprisonment as punishment
Zambia,ZMB,1976,Imprisonment as punishment
Zambia,ZMB,1977,Imprisonment as punishment
Zambia,ZMB,1978,Imprisonment as punishment
Zambia,ZMB,1979,Imprisonment as punishment
Zambia,ZMB,1980,Imprisonment as punishment
Zambia,ZMB,1981,Imprisonment as punishment
Zambia,ZMB,1982,Imprisonment as punishment
Zambia,ZMB,1983,Imprisonment as punishment
Zambia,ZMB,1984,Imprisonment as punishment
Zambia,ZMB,1985,Imprisonment as punishment
Zambia,ZMB,1986,Imprisonment as punishment
Zambia,ZMB,1987,Imprisonment as punishment
Zambia,ZMB,1988,Imprisonment as punishment
Zambia,ZMB,1989,Imprisonment as punishment
Zambia,ZMB,1990,Imprisonment as punishment
Zambia,ZMB,1991,Imprisonment as punishment
Zambia,ZMB,1992,Imprisonment as punishment
Zambia,ZMB,1993,Imprisonment as punishment
Zambia,ZMB,1994,Imprisonment as punishment
Zambia,ZMB,1995,Imprisonment as punishment
Zambia,ZMB,1996,Imprisonment as punishment
Zambia,ZMB,1997,Imprisonment as punishment
Zambia,ZMB,1998,Imprisonment as punishment
Zambia,ZMB,1999,Imprisonment as punishment
Zambia,ZMB,2000,Imprisonment as punishment
Zambia,ZMB,2001,Imprisonment as punishment
Zambia,ZMB,2002,Imprisonment as punishment
Zambia,ZMB,2003,Imprisonment as punishment
Zambia,ZMB,2004,Imprisonment as punishment
Zambia,ZMB,2005,Imprisonment as punishment
Zambia,ZMB,2006,Imprisonment as punishment
Zambia,ZMB,2007,Imprisonment as punishment
Zambia,ZMB,2008,Imprisonment as punishment
Zambia,ZMB,2009,Imprisonment as punishment
Zambia,ZMB,2010,Imprisonment as punishment
Zambia,ZMB,2011,Imprisonment as punishment
Zambia,ZMB,2012,Imprisonment as punishment
Zambia,ZMB,2013,Imprisonment as punishment
Zambia,ZMB,2014,Imprisonment as punishment
Zambia,ZMB,2015,Imprisonment as punishment
Zambia,ZMB,2016,Imprisonment as punishment
Zambia,ZMB,2017,Imprisonment as punishment
Zambia,ZMB,2018,Imprisonment as punishment
Zambia,ZMB,2019,Imprisonment as punishment
Zambia,ZMB,2020,Imprisonment as punishment
Zambia,ZMB,2021,Imprisonment as punishment
Zambia,ZMB,2022,Imprisonment as punishment
Zambia,ZMB,2023,Imprisonment as punishment
Zambia,ZMB,2024,Imprisonment as punishment
Zambia,ZMB,2025,Imprisonment as punishment
Zimbabwe,ZWE,1967,Imprisonment as punishment
Zimbabwe,ZWE,1968,Imprisonment as punishment
Zimbabwe,ZWE,1969,Imprisonment as punishment
Zimbabwe,ZWE,1970,Imprisonment as punishment
Zimbabwe,ZWE,1971,Imprisonment as punishment
Zimbabwe,ZWE,1972,Imprisonment as punishment
Zimbabwe,ZWE,1973,Imprisonment as punishment
Zimbabwe,ZWE,1974,Imprisonment as punishment
Zimbabwe,ZWE,1975,Imprisonment as punishment
Zimbabwe,ZWE,1976,Imprisonment as punishment
Zimbabwe,ZWE,1977,Imprisonment as punishment
Zimbabwe,ZWE,1978,Imprisonment as punishment
Zimbabwe,ZWE,1979,Imprisonment as punishment
Zimbabwe,ZWE,1980,Imprisonment as punishment
Zimbabwe,ZWE,1981,Imprisonment as punishment
Zimbabwe,ZWE,1982,Imprisonment as punishment
Zimbabwe,ZWE,1983,Imprisonment as punishment
Zimbabwe,ZWE,1984,Imprisonment as punishment
Zimbabwe,ZWE,1985,Imprisonment as punishment
Zimbabwe,ZWE,1986,Imprisonment as punishment
Zimbabwe,ZWE,1987,Imprisonment as punishment
Zimbabwe,ZWE,1988,Imprisonment as punishment
Zimbabwe,ZWE,1989,Imprisonment as punishment
Zimbabwe,ZWE,1990,Imprisonment as punishment
Zimbabwe,ZWE,1991,Imprisonment as punishment
Zimbabwe,ZWE,1992,Imprisonment as punishment
Zimbabwe,ZWE,1993,Imprisonment as punishment
Zimbabwe,ZWE,1994,Imprisonment as punishment
Zimbabwe,ZWE,1995,Imprisonment as punishment
Zimbabwe,ZWE,1996,Imprisonment as punishment
Zimbabwe,ZWE,1997,Imprisonment as punishment
Zimbabwe,ZWE,1998,Imprisonment as punishment
Zimbabwe,ZWE,1999,Imprisonment as punishment
Zimbabwe,ZWE,2000,Imprisonment as punishment
Zimbabwe,ZWE,2001,Imprisonment as punishment
Zimbabwe,ZWE,2002,Imprisonment as punishment
Zimbabwe,ZWE,2003,Imprisonment as punishment
Zimbabwe,ZWE,2004,Imprisonment as punishment
Zimbabwe,ZWE,2005,Imprisonment as punishment
Zimbabwe,ZWE,2006,Imprisonment as punishment
Zimbabwe,ZWE,2007,Imprisonment as punishment
Zimbabwe,ZWE,2008,Imprisonment as punishment
Zimbabwe,ZWE,2009,Imprisonment as punishment
Zimbabwe,ZWE,2010,Imprisonment as punishment
Zimbabwe,ZWE,2011,Imprisonment as punishment
Zimbabwe,ZWE,2012,Imprisonment as punishment
Zimbabwe,ZWE,2013,Imprisonment as punishment
Zimbabwe,ZWE,2014,Imprisonment as punishment
Zimbabwe,ZWE,2015,Imprisonment as punishment
Zimbabwe,ZWE,2016,Imprisonment as punishment
Zimbabwe,ZWE,2017,Imprisonment as punishment
Zimbabwe,ZWE,2018,Imprisonment as punishment
Zimbabwe,ZWE,2019,Imprisonment as punishment
Zimbabwe,ZWE,2020,Imprisonment as punishment
Zimbabwe,ZWE,2021,Imprisonment as punishment
Zimbabwe,ZWE,2022,Imprisonment as punishment
Zimbabwe,ZWE,2023,Imprisonment as punishment
Zimbabwe,ZWE,2024,Imprisonment as punishment
Zimbabwe,ZWE,2025,Imprisonment as punishment